passengerId,Longest Run
9441,18
2857,17
3608,17
2378,17
288,17
798,17
8411,16
3173,16
1651,16
2867,16
2437,16
92,16
6084,16
721,16
1677,16
5668,16
2068,16
8353,16
1337,16
3367,16
392,15
950,15
211,15
8961,15
772,15
2939,15
1769,15
157,15
2185,15
1074,15
3309,15
6027,15
2734,15
1158,15
7327,15
4552,15
437,15
10795,15
3405,15
3117,15
1598,15
4632,15
5769,15
2251,15
9410,15
2544,15
2441,15
4827,15
2518,15
888,15
5332,15
525,15
6036,15
3078,15
942,15
7643,15
4335,15
628,15
2969,15
3837,15
407,15
1265,14
7810,14
362,14
613,14
1276,14
4774,14
7662,14
4200,14
7877,14
4641,14
1266,14
5303,14
2155,14
3453,14
6294,14
10461,14
1242,14
139,14
1818,14
2485,14
5096,14
1464,14
4034,14
4441,14
4816,14
1240,14
8590,14
5760,14
6447,14
5423,14
381,14
739,14
4080,14
2717,14
3024,14
6052,14
2262,14
5711,14
264,14
1581,14
459,14
7837,14
6001,14
364,14
4379,14
763,14
4082,14
2123,14
5416,14
3802,14
662,14
8988,14
2747,14
4611,14
1482,14
3409,14
3924,14
2065,14
3880,14
6777,14
4854,14
8358,14
1246,14
5380,14
917,14
878,14
2511,14
451,13
5740,13
4092,13
3436,13
368,13
7118,13
5447,13
210,13
8036,13
2467,13
4876,13
1955,13
3279,13
350,13
3171,13
2975,13
2789,13
3071,13
3670,13
435,13
603,13
2886,13
6382,13
1008,13
631,13
6365,13
8562,13
4016,13
6060,13
972,13
3645,13
839,13
6900,13
479,13
6050,13
10569,13
5467,13
919,13
7581,13
1917,13
8363,13
5716,13
1029,13
3937,13
5015,13
3119,13
64,13
4247,13
1733,13
8679,13
4249,13
2910,13
6166,13
1263,13
1800,13
366,13
5043,13
4772,13
1248,13
6059,13
398,13
7433,13
8529,13
1369,13
3545,13
6591,13
290,13
813,13
3093,13
1254,13
1315,13
5481,13
664,13
2277,13
649,13
1673,13
5278,13
391,13
6113,13
3867,13
2516,13
9699,13
5731,13
9252,13
9620,13
3486,13
11198,13
2596,13
4193,13
8704,13
9480,13
3153,13
2408,13
1740,13
3177,13
4502,13
335,13
5007,13
10329,13
1562,13
8149,13
1023,13
3041,13
1617,13
11834,13
5012,13
4283,13
3472,13
638,13
975,13
3883,13
1678,13
4056,13
199,13
8045,13
276,13
5977,13
773,13
905,13
5643,13
281,13
6800,13
7162,13
8981,13
5198,13
8167,13
5073,13
18,13
5544,13
393,13
517,13
833,12
1025,12
1143,12
2231,12
2443,12
2488,12
2656,12
3913,12
7661,12
2802,12
2035,12
4097,12
5867,12
7726,12
11450,12
2212,12
4293,12
5490,12
7533,12
3650,12
1772,12
2758,12
9700,12
4209,12
6030,12
7718,12
8260,12
1046,12
223,12
860,12
2684,12
3519,12
6100,12
4397,12
4070,12
3180,12
11483,12
8375,12
360,12
5787,12
416,12
1613,12
1288,12
3029,12
8007,12
2941,12
5959,12
363,12
5819,12
674,12
8121,12
760,12
2685,12
4420,12
6827,12
2911,12
4220,12
2196,12
2537,12
2292,12
7680,12
5120,12
1444,12
1994,12
2026,12
4012,12
1538,12
920,12
2653,12
4399,12
2412,12
544,12
8702,12
258,12
4454,12
2964,12
1739,12
1250,12
1314,12
3243,12
3332,12
6584,12
9300,12
1002,12
3112,12
4235,12
5330,12
5743,12
1946,12
3527,12
8078,12
269,12
8024,12
843,12
1828,12
8510,12
4542,12
3773,12
2702,12
2861,12
5997,12
6882,12
7645,12
2588,12
4983,12
5560,12
1057,12
8552,12
3468,12
5966,12
7039,12
456,12
1272,12
2204,12
4020,12
7209,12
2030,12
3292,12
8998,12
2272,12
5775,12
8106,12
4009,12
4359,12
6093,12
8821,12
443,12
7508,12
6080,12
4329,12
928,12
6548,12
1230,12
2143,12
5798,12
5136,12
2728,12
848,12
3343,12
10440,12
2482,12
1343,12
3600,12
5922,12
1333,12
4395,12
4496,12
3414,12
5796,12
167,12
394,12
3297,12
4473,12
9997,12
3278,12
3590,12
1484,12
2254,12
7590,12
3461,12
1419,12
3801,12
8642,12
1454,12
3755,12
3560,12
6823,12
4069,12
5479,12
968,12
9367,12
7716,12
2201,12
7853,12
1637,12
1782,12
3307,12
6987,12
859,12
8837,12
8609,12
272,12
2503,12
2550,12
8684,12
2604,12
5842,12
4802,12
1196,12
7373,12
4407,12
7801,12
1472,12
9683,12
7591,12
10196,12
2303,12
2773,12
690,12
3665,12
5081,12
5491,12
7820,12
248,12
6805,12
3536,12
3921,12
8964,12
6180,12
4671,12
4903,12
4955,12
7636,12
2869,12
5533,12
6148,12
1371,12
2446,12
2325,12
3021,12
311,12
5009,12
5707,12
8048,12
2500,12
2528,12
4019,12
4430,12
11166,12
1762,12
1424,12
2509,12
7747,12
8882,12
932,12
7565,12
4178,12
2713,12
4607,12
187,12
1413,12
1342,11
3794,11
2563,11
4190,11
8105,11
1303,11
1903,11
2776,11
3220,11
4042,11
4364,11
7120,11
2392,11
4294,11
4307,11
8501,11
2156,11
1888,11
3242,11
1468,11
683,11
2294,11
3152,11
126,11
4917,11
5055,11
1201,11
2683,11
1826,11
8132,11
4700,11
7321,11
10640,11
2610,11
5037,11
12298,11
606,11
2134,11
3370,11
4538,11
5764,11
253,11
2090,11
3859,11
5422,11
1208,11
1775,11
8355,11
926,11
4363,11
3963,11
601,11
4090,11
9522,11
1886,11
9077,11
758,11
3920,11
1505,11
1942,11
6993,11
11513,11
1456,11
6339,11
5361,11
6067,11
618,11
9516,11
660,11
4451,11
9725,11
8025,11
10046,11
2138,11
3147,11
2600,11
8158,11
9752,11
274,11
2575,11
1822,11
1089,11
1155,11
7793,11
1218,11
4013,11
6878,11
867,11
1646,11
3413,11
4993,11
5325,11
2560,11
3529,11
3690,11
2489,11
3709,11
4166,11
4852,11
6293,11
3663,11
3702,11
3364,11
5010,11
7832,11
3249,11
4543,11
2197,11
9202,11
2571,11
7682,11
9369,11
4237,11
5917,11
1521,11
117,11
7068,11
1189,11
1321,11
4416,11
4478,11
4460,11
6289,11
262,11
2565,11
9364,11
5876,11
7727,11
10799,11
4353,11
8519,11
1950,11
4281,11
61,11
8589,11
993,11
3410,11
4717,11
9098,11
10758,11
374,11
1108,11
1641,11
2926,11
3420,11
5737,11
9069,11
4285,11
1351,11
3779,11
2759,11
2783,11
5216,11
1982,11
3875,11
8579,11
1386,11
6874,11
9703,11
485,11
870,11
1539,11
2906,11
3934,11
9466,11
441,11
6089,11
960,11
7685,11
173,11
2993,11
2159,11
7825,11
1015,11
2665,11
3002,11
6857,11
637,11
446,11
1498,11
10446,11
3169,11
3356,11
9742,11
5866,11
7799,11
1229,11
7866,11
1555,11
5615,11
7526,11
8398,11
3589,11
10004,11
1001,11
7350,11
9101,11
9828,11
2851,11
4497,11
6064,11
7463,11
239,11
1209,11
9649,11
3193,11
7540,11
7656,11
8348,11
1401,11
3855,11
4814,11
8180,11
2462,11
4969,11
8461,11
9540,11
1325,11
289,11
356,11
889,11
6807,11
6931,11
3851,11
4217,11
10454,11
5613,11
6758,11
9688,11
4554,11
6858,11
5958,11
8197,11
1709,11
1853,11
4053,11
4255,11
8810,11
3106,11
411,11
7336,11
1801,11
1465,11
2868,11
3303,11
3716,11
4366,11
4972,11
5390,11
2274,11
2573,11
3820,11
4791,11
752,11
3077,11
2960,11
11290,11
75,11
382,11
2088,11
7851,11
4339,11
8735,11
2432,11
4170,11
5464,11
6903,11
953,11
5116,11
4990,11
378,11
4551,11
749,11
4147,11
611,11
4449,11
298,11
865,11
10229,11
4316,11
204,11
3735,11
3178,11
4031,11
3238,11
4152,11
6580,11
8956,11
10478,11
1972,11
8017,11
11957,11
344,11
1693,11
9777,11
1992,11
2411,11
4468,11
5377,11
5414,11
7243,11
135,11
1095,11
119,11
2124,11
3286,11
6575,11
2162,11
5734,11
9665,11
2548,11
5487,11
1004,11
5873,11
3483,11
9017,11
5459,11
2243,11
8539,11
1202,11
4850,11
8320,11
3491,11
2504,11
9068,11
10085,11
2423,11
4677,11
5002,11
8013,11
10439,11
1338,11
9363,11
420,11
7679,11
7507,11
8871,11
947,11
2501,11
2626,11
8235,11
4171,11
468,11
5435,11
7811,11
9532,11
701,11
7505,11
954,11
9460,11
2457,11
1591,10
7754,10
1352,10
4391,10
6622,10
7850,10
8222,10
8257,10
1975,10
3490,10
3876,10
4000,10
2559,10
3631,10
6864,10
853,10
10267,10
633,10
857,10
2479,10
2625,10
3149,10
10435,10
1417,10
2173,10
4182,10
4798,10
5383,10
8003,10
1198,10
1183,10
1378,10
874,10
4896,10
2905,10
5592,10
10015,10
1030,10
1752,10
11041,10
8006,10
1493,10
2754,10
5095,10
6936,10
4919,10
7192,10
271,10
3123,10
3587,10
8290,10
8674,10
2062,10
2323,10
3284,10
3512,10
4025,10
5080,10
5401,10
7711,10
8326,10
3741,10
4523,10
6810,10
3260,10
3912,10
7418,10
578,10
8270,10
10227,10
4989,10
4177,10
5905,10
9653,10
22,10
727,10
1332,10
4336,10
230,10
4280,10
7551,10
11353,10
855,10
4784,10
47,10
6326,10
7890,10
827,10
1300,10
2306,10
3919,10
694,10
1586,10
3940,10
7902,10
10377,10
1311,10
1774,10
7898,10
3020,10
6099,10
7346,10
8040,10
2329,10
4656,10
11180,10
3059,10
768,10
3622,10
3861,10
4315,10
11050,10
4438,10
5204,10
1616,10
4450,10
218,10
348,10
2383,10
2536,10
3572,10
5590,10
9944,10
9991,10
10937,10
5777,10
6146,10
9749,10
3549,10
1783,10
11011,10
4562,10
8551,10
3120,10
5510,10
5246,10
8548,10
6032,10
6978,10
10458,10
12323,10
2177,10
3012,10
4846,10
1499,10
8234,10
2223,10
3759,10
3967,10
620,10
871,10
4226,10
266,10
2458,10
2803,10
6541,10
9623,10
4212,10
3677,10
5546,10
4627,10
4927,10
8912,10
1436,10
2844,10
3930,10
9822,10
10083,10
415,10
4494,10
5738,10
9351,10
826,10
6141,10
7549,10
9659,10
1225,10
3931,10
9906,10
936,10
1692,10
7319,10
8288,10
1326,10
1452,10
4110,10
7870,10
8390,10
347,10
4393,10
5789,10
2346,10
2545,10
5420,10
1052,10
10398,10
1947,10
4037,10
9992,10
615,10
2841,10
9031,10
1654,10
4967,10
5166,10
8196,10
358,10
3330,10
3637,10
3907,10
5411,10
1635,10
3609,10
5869,10
6019,10
6523,10
9951,10
383,10
1624,10
2468,10
2534,10
8212,10
9355,10
461,10
3163,10
486,10
979,10
1966,10
3471,10
6051,10
6532,10
8137,10
1696,10
2401,10
3839,10
8556,10
891,10
2279,10
4059,10
8117,10
3298,10
3451,10
7612,10
4593,10
7515,10
9114,10
11296,10
3615,10
5741,10
11767,10
2720,10
746,10
1865,10
1850,10
2206,10
6707,10
10212,10
3065,10
8194,10
8596,10
3962,10
4075,10
4184,10
9256,10
1377,10
4626,10
7379,10
1643,10
2561,10
4650,10
4897,10
7603,10
7724,10
4444,10
5503,10
6369,10
4210,10
4881,10
1779,10
4646,10
6003,10
10024,10
930,10
3889,10
4054,10
4066,10
6567,10
10722,10
2959,10
4731,10
5418,10
5792,10
1076,10
1868,10
4682,10
5022,10
5596,10
7713,10
10757,10
877,10
1432,10
2935,10
6570,10
624,10
1662,10
1531,10
1849,10
10541,10
627,10
2097,10
9696,10
3662,10
4010,10
4058,10
994,10
2119,10
3090,10
5408,10
5451,10
9875,10
4253,10
5393,10
9057,10
11548,10
448,10
6478,10
8671,10
1020,10
6418,10
4260,10
1356,10
2358,10
3361,10
5260,10
6809,10
4008,10
11528,10
4687,10
9280,10
4761,10
9386,10
4292,10
771,10
1214,10
3518,10
3998,10
2012,10
1715,10
5356,10
8093,10
10067,10
3463,10
4670,10
1447,10
5942,10
249,10
2992,10
4404,10
7626,10
7706,10
3317,10
5101,10
1528,10
3492,10
3551,10
11472,10
816,10
6372,10
795,10
3994,10
5850,10
2689,10
5027,10
6159,10
2529,10
1666,10
5978,10
477,10
1423,10
4063,10
7318,10
9676,10
11137,10
4563,10
528,10
1289,10
4945,10
5757,10
6725,10
9063,10
3064,10
1548,10
1911,10
3233,10
352,10
3385,10
3547,10
7608,10
8268,10
3275,10
5812,10
2216,10
6731,10
809,10
863,10
1053,10
4072,10
8732,10
4241,10
7776,10
469,10
1282,10
3311,10
3493,10
5483,10
6585,10
712,10
724,10
1532,10
2160,10
4746,10
334,10
4675,10
5747,10
8084,10
1511,10
7593,10
3957,10
574,10
1842,10
2816,10
3230,10
3995,10
170,10
3977,10
9956,10
2527,10
7185,10
7403,10
9000,10
11896,10
6468,10
726,10
6733,10
6743,10
6881,10
9030,10
10357,10
4004,10
4268,10
10784,10
3380,10
3642,10
4728,10
5815,10
5955,10
8729,10
147,10
910,10
3442,10
4089,10
4609,10
1728,10
4165,10
4514,10
7307,10
10548,10
1753,10
5944,10
10460,10
6054,10
9661,10
1106,10
7582,10
9356,10
1954,10
7502,10
79,10
4856,10
7007,10
1070,10
2974,10
3107,10
3968,10
6516,10
6208,10
1449,10
3503,10
4388,10
4556,10
6652,10
3299,10
4628,10
4988,10
6111,10
9400,10
901,10
682,10
2465,10
7579,10
802,10
1376,10
4711,10
8542,10
2586,10
4341,10
4659,10
4904,10
5419,10
996,10
4674,10
864,10
1429,10
2676,10
4744,10
7627,10
1013,10
4982,10
7246,10
9704,10
4398,10
1044,10
4330,10
6352,10
9381,10
1097,10
4121,10
4373,10
643,10
3368,10
5477,10
2546,10
7770,10
5530,10
1009,10
4484,10
1138,10
1476,10
148,9
1829,9
5803,9
6357,9
7253,9
7833,9
9376,9
1507,9
2387,9
2811,9
6773,9
1322,9
5984,9
10798,9
1884,9
5074,9
5482,9
1977,9
4957,9
5513,9
255,9
481,9
6832,9
8229,9
6010,9
8450,9
1005,9
1808,9
3657,9
5920,9
8664,9
9433,9
9867,9
1160,9
5529,9
375,9
876,9
4713,9
5375,9
8350,9
11478,9
1525,9
1561,9
1700,9
5771,9
5962,9
1404,9
756,9
3043,9
6056,9
7602,9
2079,9
2180,9
2522,9
4083,9
6855,9
300,9
1034,9
1064,9
1974,9
3151,9
3624,9
9366,9
9687,9
10354,9
2032,9
3127,9
4695,9
332,9
5212,9
5759,9
6437,9
831,9
1269,9
1927,9
8826,9
908,9
2322,9
3528,9
5606,9
5448,9
1085,9
4610,9
4899,9
6956,9
8782,9
9712,9
7020,9
9601,9
11282,9
738,9
2701,9
3353,9
6896,9
10728,9
13781,9
1077,9
3216,9
4227,9
4526,9
5765,9
822,9
2127,9
3184,9
3546,9
4389,9
10684,9
10760,9
3888,9
6465,9
8280,9
1796,9
1961,9
2521,9
5953,9
7919,9
8427,9
9723,9
625,9
3689,9
8005,9
5042,9
5516,9
6898,9
9988,9
11026,9
2181,9
4459,9
5084,9
8399,9
9059,9
9247,9
11273,9
2064,9
2612,9
4384,9
8621,9
1055,9
2109,9
3293,9
6946,9
3104,9
4822,9
7398,9
7560,9
8010,9
8015,9
291,9
2108,9
5450,9
8751,9
2760,9
3923,9
3970,9
4663,9
7725,9
7768,9
10613,9
896,9
1391,9
1504,9
2780,9
2786,9
4338,9
1812,9
10407,9
212,9
4614,9
5336,9
6813,9
3172,9
6112,9
7616,9
7733,9
10975,9
1323,9
1399,9
4288,9
8238,9
9476,9
9493,9
6759,9
86,9
11142,9
11332,9
852,9
2158,9
2699,9
998,9
4202,9
9309,9
9833,9
1627,9
1956,9
6053,9
6764,9
429,9
3925,9
4645,9
10536,9
283,9
2681,9
4620,9
431,9
1335,9
1670,9
4564,9
5564,9
12358,9
10104,9
11594,9
1026,9
5553,9
6088,9
9834,9
7506,9
2651,9
9816,9
10306,9
3209,9
6994,9
1191,9
2613,9
3049,9
4125,9
6181,9
7220,9
7532,9
7703,9
545,9
6043,9
7868,9
5626,9
1930,9
3894,9
4529,9
6261,9
7191,9
7601,9
9385,9
7914,9
10767,9
2072,9
8563,9
9305,9
2105,9
9015,9
10394,9
2554,9
3635,9
3947,9
4204,9
6833,9
8385,9
9046,9
9539,9
419,9
4483,9
5054,9
7859,9
13221,9
1186,9
2153,9
2743,9
2987,9
4130,9
11073,9
554,9
8557,9
1181,9
3573,9
4017,9
455,9
2569,9
5572,9
1151,9
1253,9
1827,9
7148,9
511,9
3612,9
5446,9
5744,9
11123,9
1470,9
6471,9
9610,9
165,9
1330,9
5509,9
854,9
2620,9
2732,9
5048,9
9066,9
207,9
675,9
4933,9
8102,9
8189,9
2241,9
2336,9
2556,9
7393,9
11136,9
316,9
937,9
3784,9
5404,9
7538,9
10740,9
2567,9
2887,9
5372,9
6512,9
8297,9
202,9
7509,9
17,9
3902,9
4576,9
4946,9
5342,9
7774,9
10909,9
324,9
4023,9
5067,9
5661,9
8262,9
8566,9
1293,9
2244,9
2269,9
5800,9
7451,9
8904,9
1211,9
3300,9
5943,9
8373,9
8979,9
11035,9
5767,9
6138,9
10479,9
5575,9
7605,9
7995,9
1451,9
1789,9
4440,9
9994,9
2174,9
5630,9
9524,9
229,9
4613,9
5923,9
7638,9
7872,9
8202,9
2495,9
5319,9
5795,9
9294,9
10837,9
1340,9
2581,9
3926,9
5556,9
5742,9
6344,9
9738,9
3443,9
4313,9
5662,9
687,9
5925,9
6848,9
23,9
719,9
3465,9
4002,9
1287,9
2576,9
3154,9
11175,9
130,9
648,9
1365,9
2988,9
4109,9
9259,9
2214,9
10496,9
247,9
7620,9
565,9
3777,9
5799,9
7180,9
7883,9
439,9
585,9
1837,9
8383,9
794,9
1381,9
5304,9
5788,9
5912,9
9495,9
11089,9
821,9
1297,9
1388,9
3052,9
7836,9
4035,9
8252,9
13819,9
2258,9
2345,9
5035,9
8965,9
524,9
1746,9
3357,9
7477,9
12299,9
5058,9
10452,9
5693,9
8995,9
779,9
3101,9
3707,9
10465,9
10573,9
7200,9
7862,9
10453,9
814,9
3597,9
5696,9
9127,9
11416,9
4673,9
4932,9
13620,9
3807,9
4722,9
8960,9
10525,9
293,9
2290,9
4052,9
5989,9
8223,9
9634,9
11066,9
1611,9
3618,9
4272,9
5725,9
6535,9
759,9
1320,9
7951,9
320,9
2722,9
2793,9
9600,9
4370,9
5138,9
5996,9
7827,9
3760,9
3935,9
6769,9
11300,9
80,9
1389,9
10308,9
12371,9
4270,9
6565,9
1126,9
1368,9
2033,9
3974,9
4862,9
5733,9
8295,9
9954,9
1078,9
1558,9
3290,9
4278,9
2715,9
3693,9
7511,9
10753,9
121,9
2505,9
5434,9
6380,9
8584,9
6870,9
2207,9
740,9
2669,9
6843,9
7163,9
12497,9
226,9
1038,9
5368,9
2125,9
7563,9
9969,9
10244,9
1177,9
1587,9
12551,9
5093,9
5723,9
866,9
3477,9
6507,9
256,9
1257,9
1308,9
2100,9
4275,9
9472,9
490,9
2285,9
3466,9
5779,9
7195,9
1173,9
1631,9
2472,9
4696,9
3979,9
10661,9
622,9
3553,9
8386,9
3896,9
6783,9
11046,9
782,9
2530,9
3396,9
5175,9
10568,9
10616,9
141,9
3992,9
4516,9
5046,9
8463,9
8541,9
592,9
2592,9
3565,9
5438,9
8553,9
680,9
1383,9
1622,9
5910,9
7544,9
109,9
254,9
534,9
6121,9
718,9
1281,9
1554,9
3432,9
1544,9
5358,9
2430,9
2693,9
7094,9
1573,9
2400,9
4362,9
8515,9
1024,9
1794,9
4213,9
369,9
3223,9
3903,9
10576,9
2459,9
6242,9
2379,9
2767,9
6444,9
5021,9
6915,9
7671,9
8387,9
546,9
3928,9
7153,9
8994,9
10516,9
6475,9
2476,9
1563,9
5634,9
8403,9
10455,9
1437,9
5060,9
9744,9
7064,9
8089,9
11559,9
3942,9
4665,9
5746,9
8050,9
9026,9
2825,9
3737,9
4112,9
6860,9
9049,9
12144,9
1819,9
2276,9
5644,9
7668,9
1112,9
1652,9
2642,9
3186,9
7809,9
4580,9
7813,9
8076,9
10778,9
5584,9
8833,9
3005,9
5233,9
184,9
313,9
1836,9
2766,9
4346,9
915,9
1012,9
3176,9
275,9
3312,9
5456,9
9924,9
10179,9
10908,9
873,9
3887,9
7756,9
7777,9
7834,9
681,9
5681,9
11276,9
3524,9
5919,9
9500,9
716,9
4179,9
7822,9
8101,9
8920,9
9978,9
1063,9
2745,9
6061,9
8517,9
9321,9
11074,9
5721,9
949,9
3901,9
8289,9
1900,9
3874,9
2570,9
6033,9
11095,9
11359,9
841,9
1933,9
6205,9
11324,9
2184,9
4811,9
7043,9
13637,9
1656,9
2746,9
3046,9
5990,9
8754,9
2965,9
3910,9
5431,9
5911,9
6047,9
6819,9
7874,9
3175,8
9465,8
12940,8
1460,8
4161,8
7417,8
8803,8
11280,8
2996,8
3488,8
5071,8
5345,8
9383,8
1223,8
2249,8
2655,8
6154,8
8211,8
12210,8
53,8
588,8
970,8
3028,8
3105,8
5995,8
6866,8
10597,8
296,8
1466,8
5100,8
8927,8
9721,8
11014,8
918,8
1016,8
5457,8
8146,8
1533,8
5934,8
1212,8
5571,8
6689,8
11954,8
1863,8
3431,8
4418,8
5605,8
7571,8
9097,8
11059,8
5038,8
5417,8
9562,8
10334,8
10371,8
11897,8
1500,8
4153,8
6737,8
11808,8
385,8
2484,8
2662,8
4088,8
6460,8
8698,8
9217,8
2463,8
3445,8
8116,8
497,8
10449,8
1156,8
1163,8
5895,8
7539,8
2752,8
3403,8
3626,8
12582,8
1871,8
3435,8
3941,8
5505,8
3133,8
5396,8
5586,8
6011,8
6847,8
8329,8
6865,8
7122,8
8822,8
811,8
2169,8
3666,8
4199,8
11823,8
2601,8
4036,8
11326,8
103,8
1056,8
2497,8
5238,8
7556,8
10010,8
10368,8
12841,8
4317,8
2692,8
3679,8
3990,8
5069,8
5328,8
5465,8
5841,8
388,8
602,8
3865,8
5886,8
8351,8
663,8
4047,8
7710,8
7742,8
707,8
1908,8
4823,8
9919,8
875,8
2031,8
3586,8
4387,8
2725,8
4203,8
4606,8
7266,8
8917,8
12088,8
12146,8
319,8
4028,8
4251,8
6071,8
6503,8
8851,8
232,8
7792,8
9769,8
3991,8
6929,8
7938,8
8037,8
5478,8
6350,8
6836,8
2549,8
4076,8
4655,8
5755,8
6960,8
8721,8
10310,8
1244,8
5162,8
6143,8
6394,8
6515,8
132,8
6116,8
6560,8
8200,8
696,8
1599,8
3155,8
5354,8
7347,8
1723,8
2082,8
10235,8
774,8
1382,8
1626,8
4435,8
6778,8
6932,8
704,8
1247,8
3206,8
3421,8
3636,8
797,8
1595,8
2054,8
2614,8
2781,8
11917,8
2957,8
3208,8
5811,8
8587,8
8208,8
9076,8
3162,8
3754,8
6975,8
7780,8
10697,8
11633,8
1608,8
1770,8
2768,8
5082,8
5231,8
9152,8
9157,8
10497,8
1682,8
5612,8
7286,8
2433,8
3720,8
10833,8
205,8
4565,8
4672,8
5016,8
7660,8
8185,8
1082,8
2879,8
7595,8
308,8
328,8
8784,8
9052,8
9707,8
2391,8
12578,8
2326,8
3764,8
9980,8
2519,8
6824,8
7470,8
8896,8
340,8
692,8
1021,8
2712,8
3439,8
11211,8
1273,8
5440,8
5551,8
8030,8
10802,8
10899,8
12981,8
570,8
9505,8
9660,8
10963,8
13215,8
966,8
1467,8
2666,8
6086,8
6308,8
7110,8
7559,8
7657,8
1146,8
3506,8
3649,8
4157,8
4603,8
9862,8
1028,8
3858,8
10017,8
3534,8
6323,8
4765,8
4832,8
9779,8
9977,8
732,8
1167,8
4027,8
6160,8
9357,8
2203,8
11192,8
163,8
2128,8
2985,8
4739,8
6529,8
6974,8
11214,8
1232,8
1357,8
2824,8
7520,8
2492,8
2515,8
6803,8
8614,8
9964,8
10266,8
430,8
1420,8
2930,8
4324,8
5463,8
6985,8
10447,8
11070,8
5489,8
6906,8
7667,8
10512,8
780,8
1128,8
1475,8
2176,8
4322,8
5702,8
7831,8
8909,8
9858,8
10493,8
4318,8
4623,8
5594,8
1490,8
1050,8
1252,8
2220,8
3694,8
9513,8
154,8
309,8
3943,8
6414,8
10954,8
484,8
607,8
2190,8
7014,8
8237,8
8474,8
10484,8
43,8
5494,8
9790,8
10442,8
1904,8
2385,8
7903,8
9627,8
10016,8
11939,8
2106,8
5094,8
5941,8
12173,8
10350,8
1831,8
2036,8
5471,8
9238,8
1073,8
1649,8
4930,8
6256,8
4113,8
4793,8
2932,8
3301,8
5409,8
8365,8
1487,8
6085,8
1858,8
3634,8
5283,8
7741,8
7842,8
2004,8
3122,8
6006,8
6893,8
4546,8
9095,8
9282,8
9904,8
505,8
1403,8
6829,8
5748,8
7766,8
8246,8
695,8
2271,8
10690,8
2490,8
6571,8
7653,8
8544,8
9394,8
594,8
761,8
3316,8
7139,8
677,8
3681,8
4274,8
698,8
2273,8
2667,8
3102,8
4223,8
6235,8
7650,8
7846,8
7948,8
8299,8
1154,8
1438,8
2202,8
3823,8
8801,8
10476,8
733,8
1735,8
1833,8
3563,8
3971,8
4068,8
8330,8
8446,8
11208,8
1096,8
2631,8
2983,8
3513,8
4361,8
4916,8
5956,8
7268,8
7341,8
8793,8
669,8
1036,8
1737,8
2111,8
4215,8
4690,8
10482,8
1575,8
2046,8
3653,8
9859,8
9973,8
10559,8
757,8
3959,8
4044,8
4299,8
10945,8
1066,8
6816,8
7597,8
11272,8
679,8
1169,8
2440,8
3157,8
4939,8
5797,8
629,8
791,8
1041,8
3964,8
5808,8
8581,8
8885,8
10424,8
3294,8
4550,8
6385,8
7728,8
7924,8
2136,8
6388,8
6402,8
9271,8
10033,8
12113,8
856,8
2199,8
5072,8
7986,8
9619,8
1914,8
5683,8
7814,8
5549,8
7753,8
8169,8
343,8
2674,8
3164,8
4011,8
5443,8
7076,8
331,8
2333,8
4651,8
5355,8
5376,8
6102,8
7545,8
9174,8
1790,8
3188,8
8424,8
8465,8
8835,8
10431,8
10486,8
11676,8
129,8
467,8
1200,8
2951,8
4715,8
7535,8
9989,8
11438,8
400,8
1317,8
1742,8
2790,8
1607,8
8073,8
10716,8
11396,8
234,8
1058,8
5269,8
6347,8
1638,8
1960,8
2512,8
5522,8
5653,8
7099,8
8520,8
9985,8
1609,8
2498,8
4344,8
8400,8
3526,8
4689,8
8645,8
10509,8
1007,8
1825,8
2226,8
2769,8
4402,8
4981,8
6120,8
7629,8
7721,8
8958,8
7392,8
9445,8
951,8
4087,8
5669,8
6752,8
10086,8
10620,8
6897,8
6899,8
8327,8
8368,8
793,8
4168,8
7840,8
8233,8
9019,8
9874,8
812,8
1667,8
10858,8
2719,8
5410,8
7510,8
11225,8
2568,8
2901,8
4148,8
4503,8
8276,8
5426,8
7138,8
1987,8
3016,8
245,8
2672,8
5201,8
8777,8
9083,8
2539,8
5710,8
10731,8
10432,8
4400,8
10938,8
730,8
5635,8
7652,8
11126,8
351,8
1592,8
7060,8
697,8
1083,8
11651,8
95,8
482,8
2145,8
741,8
789,8
2453,8
2541,8
3322,8
4841,8
10023,8
1514,8
3253,8
3599,8
3713,8
3847,8
5161,8
6368,8
1283,8
3246,8
5111,8
8545,8
2870,8
6431,8
911,8
933,8
3302,8
9064,8
11872,8
4342,8
5352,8
8823,8
9179,8
3569,8
6554,8
6815,8
10384,8
10985,8
1844,8
5240,8
7395,8
9791,8
10401,8
2450,8
3237,8
3738,8
3953,8
5508,8
5855,8
5894,8
203,8
7864,8
341,8
899,8
8349,8
11870,8
5005,8
5583,8
515,8
735,8
2660,8
2710,8
4287,8
4309,8
5623,8
940,8
2795,8
4584,8
5051,8
5406,8
997,8
1149,8
2427,8
3019,8
6349,8
8245,8
10756,8
1268,8
4634,8
5963,8
783,8
2146,8
3424,8
3544,8
370,8
913,8
2151,8
2280,8
5430,8
6070,8
7529,8
10705,8
12204,8
58,8
3145,8
3672,8
6453,8
6814,8
6986,8
7712,8
421,8
1152,8
3109,8
6305,8
83,8
1860,8
3418,8
13669,8
2221,8
3873,8
6317,8
7381,8
8736,8
9910,8
10492,8
10596,8
12486,8
1080,8
2263,8
3680,8
6310,8
805,8
1430,8
2101,8
2478,8
2946,8
3533,8
4895,8
6750,8
6912,8
657,8
9746,8
242,8
5118,8
5295,8
8714,8
3558,8
3948,8
6251,8
6802,8
7772,8
8195,8
337,8
3113,8
5991,8
778,8
1262,8
1817,8
4871,8
11812,8
4771,8
7625,8
8316,8
9922,8
4194,8
7111,8
7172,8
7288,8
529,8
2000,8
3950,8
4046,8
10523,8
4872,8
4953,8
6412,8
6701,8
1428,8
3174,8
3348,8
9856,8
11099,8
3295,8
3578,8
3989,8
11063,8
11600,8
652,8
815,8
2696,8
557,8
700,8
1568,8
4085,8
5865,8
10328,8
186,8
5318,8
1940,8
4810,8
5139,8
9062,8
9359,8
9713,8
1526,8
6069,8
10515,8
172,8
2215,8
5665,8
6930,8
9050,8
2175,8
2976,8
4749,8
5690,8
8294,8
12600,8
5275,8
7384,8
670,8
1867,8
2002,8
2645,8
4331,8
5436,8
10762,8
4941,8
7635,8
9599,8
755,8
1204,8
1928,8
8190,8
2182,8
2973,8
4234,8
5301,8
5566,8
521,8
3345,8
4106,8
10467,8
3688,8
4421,8
8261,8
11018,8
1359,8
1993,8
3402,8
4319,8
6459,8
7624,8
11871,8
2487,8
6303,8
6306,8
6438,8
7166,8
471,7
1238,7
1645,7
3749,7
3997,7
5518,7
6658,7
243,7
2580,7
3179,7
3226,7
3475,7
1699,7
6825,7
580,7
2259,7
3089,7
7098,7
7530,7
879,7
3561,7
3566,7
5157,7
6962,7
1157,7
2247,7
6396,7
6937,7
7987,7
10786,7
1766,7
3691,7
4396,7
4612,7
10128,7
10605,7
1133,7
2848,7
3703,7
5692,7
9258,7
10530,7
11194,7
961,7
3087,7
4061,7
4512,7
8042,7
9035,7
9898,7
10022,7
2797,7
4401,7
4796,7
7342,7
11885,7
12014,7
3661,7
3844,7
11911,7
796,7
2225,7
3235,7
4321,7
5367,7
11057,7
11183,7
1823,7
3198,7
4181,7
4415,7
5926,7
939,7
3611,7
4637,7
6953,7
8977,7
10727,7
183,7
1031,7
3234,7
4208,7
7800,7
7818,7
8514,7
8976,7
11571,7
1243,7
2842,7
4482,7
5119,7
6342,7
11422,7
11496,7
11946,7
12373,7
1489,7
2778,7
2945,7
3582,7
3706,7
8127,7
8986,7
11201,7
731,7
2697,7
4925,7
5854,7
7838,7
688,7
1816,7
1889,7
2526,7
2678,7
3346,7
3595,7
8130,7
10910,7
501,7
3411,7
5993,7
7489,7
8656,7
9318,7
9935,7
13838,7
384,7
1294,7
6040,7
8426,7
2644,7
5405,7
6831,7
10116,7
1363,7
1759,7
1866,7
2076,7
2727,7
5480,7
5768,7
9873,7
10950,7
6904,7
8115,7
2531,7
2723,7
3548,7
4198,7
7447,7
4394,7
5105,7
6522,7
11717,7
5374,7
8947,7
409,7
2502,7
10415,7
2668,7
3239,7
3814,7
3891,7
11711,7
11729,7
12273,7
222,7
285,7
1824,7
3905,7
6442,7
7026,7
8220,7
8511,7
9078,7
9413,7
10776,7
11948,7
7080,7
8004,7
8846,7
9451,7
13295,7
1291,7
3975,7
5500,7
7210,7
10683,7
233,7
9053,7
13549,7
246,7
599,7
2609,7
9395,7
111,7
3862,7
8595,7
2192,7
2284,7
5182,7
6024,7
6553,7
2619,7
3498,7
6014,7
6435,7
7896,7
2466,7
3336,7
3734,7
5547,7
6774,7
7696,7
355,7
882,7
3349,7
5609,7
8271,7
5639,7
7367,7
11514,7
2840,7
3261,7
3956,7
3976,7
4162,7
4524,7
6718,7
8088,7
8165,7
9340,7
1145,7
1491,7
3752,7
3798,7
5047,7
5879,7
6720,7
7335,7
7854,7
9291,7
10463,7
10871,7
259,7
512,7
1664,7
3025,7
3648,7
4786,7
5499,7
10025,7
12408,7
2775,7
7720,7
8830,7
52,7
1302,7
2183,7
3593,7
4464,7
7271,7
9234,7
9864,7
2967,7
4569,7
5761,7
12574,7
1434,7
1922,7
2256,7
3607,7
7611,7
7789,7
689,7
2213,7
3197,7
10294,7
5992,7
8574,7
9055,7
9885,7
636,7
8204,7
8513,7
9353,7
4914,7
5770,7
9478,7
13696,7
2597,7
3700,7
3908,7
5359,7
6416,7
1988,7
2686,7
3195,7
5724,7
6711,7
7894,7
5339,7
6745,7
10808,7
13456,7
1461,7
4991,7
8160,7
4314,7
6020,7
6165,7
6171,7
9932,7
432,7
582,7
3067,7
4038,7
4118,7
8091,7
10000,7
10374,7
868,7
1628,7
3399,7
4137,7
7028,7
7980,7
10507,7
3932,7
4781,7
6197,7
9345,7
292,7
3269,7
4356,7
7280,7
8159,7
9091,7
559,7
969,7
5148,7
6017,7
9947,7
10325,7
10943,7
2245,7
5466,7
9276,7
9650,7
11779,7
12531,7
235,7
846,7
1701,7
4159,7
5545,7
452,7
2224,7
2447,7
3632,7
5203,7
5954,7
6126,7
7528,7
9481,7
507,7
2740,7
8381,7
9404,7
10248,7
191,7
1341,7
1855,7
5132,7
8273,7
9239,7
10397,7
13657,7
959,7
6801,7
6884,7
9711,7
10315,7
11430,7
12506,7
2755,7
3257,7
3816,7
11043,7
989,7
2761,7
2822,7
3039,7
1938,7
3676,7
5243,7
5964,7
6304,7
8901,7
10115,7
11577,7
2856,7
8824,7
9745,7
11215,7
11880,7
14060,7
299,7
641,7
1569,7
8095,7
4476,7
7503,7
7860,7
1298,7
3762,7
10430,7
3440,7
4191,7
4445,7
5896,7
6345,7
7291,7
10685,7
1035,7
2410,7
4647,7
9576,7
11847,7
4534,7
5171,7
6140,7
6479,7
7881,7
12301,7
6335,7
7765,7
11262,7
12687,7
13682,7
1045,7
2524,7
3015,7
7641,7
12862,7
2257,7
2278,7
3404,7
5186,7
7558,7
8372,7
11047,7
11193,7
11784,7
666,7
1182,7
1697,7
1703,7
5476,7
11171,7
9789,7
489,7
590,7
5124,7
5982,7
8023,7
9668,7
13194,7
659,7
1310,7
5573,7
5946,7
6077,7
7083,7
7176,7
10764,7
11027,7
11307,7
11376,7
127,7
1913,7
4572,7
4694,7
4740,7
7259,7
8867,7
3199,7
3955,7
5632,7
2275,7
3805,7
4143,7
4668,7
8058,7
11370,7
13627,7
2826,7
2968,7
4382,7
5180,7
9330,7
9765,7
231,7
1520,7
1597,7
1991,7
2403,7
3141,7
5137,7
9267,7
10040,7
11508,7
13414,7
1967,7
8951,7
9274,7
9014,7
11811,7
13235,7
4500,7
5515,7
9125,7
12244,7
1698,7
8119,7
4567,7
8128,7
10044,7
11067,7
1072,7
2444,7
9987,7
1142,7
2875,7
6400,7
7665,7
8521,7
11284,7
12163,7
568,7
2297,7
3938,7
4453,7
7618,7
7784,7
8746,7
9755,7
11062,7
829,7
1957,7
2469,7
6521,7
9242,7
9942,7
10561,7
11224,7
2171,7
5387,7
13668,7
537,7
1037,7
1545,7
2904,7
3273,7
8662,7
10785,7
494,7
1205,7
2970,7
5720,7
8989,7
9709,7
10057,7
10261,7
4,7
1540,7
3339,7
3505,7
4333,7
5511,7
6343,7
9766,7
449,7
3739,7
4601,7
8667,7
13268,7
2937,7
3629,7
6283,7
8284,7
9303,7
11005,7
11537,7
5432,7
5603,7
5998,7
6390,7
10349,7
672,7
1075,7
1462,7
3772,7
3800,7
5425,7
10473,7
11683,7
13651,7
1431,7
4490,7
11418,7
13605,7
238,7
4522,7
7956,7
9033,7
453,7
1000,7
4666,7
8014,7
8503,7
9156,7
2053,7
3251,7
4716,7
9265,7
13636,7
8112,7
956,7
4154,7
5903,7
6122,7
7004,7
465,7
2187,7
2705,7
4539,7
9473,7
438,7
532,7
10503,7
1234,7
8046,7
10653,7
6927,7
1134,7
1791,7
2966,7
4431,7
5092,7
5885,7
8228,7
8661,7
8892,7
312,7
8336,7
9061,7
885,7
1898,7
4845,7
5449,7
8441,7
9499,7
395,7
4301,7
6576,7
10681,7
13163,7
509,7
3266,7
3651,7
4794,7
6951,7
7737,7
8384,7
1970,7
4734,7
6812,7
9686,7
9993,7
3850,7
6730,7
7059,7
8759,7
750,7
2954,7
6938,7
7949,7
1102,7
1639,7
12439,7
13160,7
45,7
6136,7
12430,7
13731,7
952,7
3742,7
8910,7
10972,7
11088,7
418,7
1405,7
3462,7
5402,7
9751,7
10457,7
11473,7
4586,7
9950,7
4630,7
5628,7
6004,7
8749,7
11649,7
1916,7
4803,7
5497,7
8174,7
8258,7
9974,7
1923,7
3616,7
4463,7
7900,7
8397,7
8682,7
9150,7
9188,7
3205,7
6981,7
7821,7
6555,7
9146,7
9829,7
10087,7
3365,7
7194,7
7338,7
10960,7
921,7
1479,7
2234,7
3259,7
4099,7
5207,7
5957,7
6164,7
9043,7
9227,7
2551,7
3204,7
4332,7
5143,7
4590,7
5259,7
5313,7
7121,7
7700,7
8808,7
9281,7
219,7
1099,7
6851,7
10718,7
11114,7
11712,7
5813,7
7430,7
10238,7
5312,7
5498,7
10771,7
558,7
2862,7
6236,7
8576,7
11176,7
4051,7
4678,7
7414,7
7623,7
1079,7
2250,7
2922,7
3165,7
10652,7
338,7
3459,7
5686,7
10406,7
12130,7
98,7
195,7
1936,7
6633,7
8230,7
10989,7
595,7
1524,7
2130,7
4735,7
5126,7
6364,7
7175,7
7326,7
9225,7
10585,7
828,7
1767,7
3877,7
4535,7
4553,7
4815,7
11699,7
1319,7
1712,7
7547,7
12557,7
13492,7
1115,7
2927,7
4205,7
6409,7
8922,7
9535,7
786,7
6270,7
8307,7
10592,7
1906,7
6983,7
2594,7
7542,7
751,7
1043,7
3532,7
4868,7
376,7
4358,7
7126,7
8305,7
1726,7
1883,7
4139,7
4540,7
6441,7
9672,7
1446,7
2233,7
5671,7
5952,7
8277,7
11521,7
12389,7
1474,7
2390,7
3748,7
5587,7
5881,7
7273,7
7677,7
10322,7
354,7
1162,7
4300,7
4755,7
5821,7
6708,7
10564,7
2908,7
6041,7
8659,7
11727,7
2707,7
4269,7
4350,7
7783,7
7997,7
9177,7
10203,7
10591,7
12001,7
188,7
1370,7
2916,7
4541,7
7654,7
10389,7
11730,7
11886,7
33,7
781,7
3965,7
110,7
2953,7
4266,7
5439,7
6589,7
8020,7
8371,7
8758,7
11275,7
260,7
5732,7
7369,7
7950,7
9421,7
4021,7
6258,7
8213,7
4371,7
5858,7
3187,7
4685,7
5232,7
5486,7
7746,7
9710,7
1184,7
1658,7
4737,7
4745,7
4984,7
6007,7
7586,7
8775,7
8963,7
379,7
1958,7
3191,7
4980,7
6338,7
7450,7
8035,7
10658,7
10713,7
11466,7
1086,7
4417,7
7844,7
8059,7
2319,7
2611,7
3914,7
4769,7
7585,7
1566,7
2334,7
2415,7
9920,7
803,7
1572,7
2944,7
3447,7
4261,7
6246,7
6519,7
11593,7
962,7
2605,7
5314,7
8253,7
10353,7
10379,7
12891,7
365,7
6415,7
6474,7
8763,7
9184,7
1612,7
9171,7
10048,7
11737,7
12221,7
2925,7
3329,7
5145,7
5648,7
6013,7
7658,7
8103,7
10175,7
1011,7
4060,7
2792,7
3315,7
5209,7
1702,7
3515,7
8380,7
11322,7
12233,7
302,7
1445,7
2543,7
3214,7
5163,7
9636,7
10702,7
3371,7
4029,7
4555,7
6074,7
8585,7
4719,7
8733,7
11687,7
12020,7
894,7
3194,7
10991,7
11090,7
632,7
1392,7
3554,7
5371,7
6410,7
6594,7
7573,7
7934,7
11388,7
14018,7
174,7
2186,7
8209,7
10494,7
562,7
4732,7
399,7
1411,7
8057,7
8471,7
9111,7
10533,7
3980,7
8710,7
745,7
3271,7
2117,7
2425,7
2859,7
4310,7
4707,7
5706,7
8466,7
8919,7
13232,7
2982,7
8644,7
8948,7
10988,7
11794,7
12354,7
3416,7
4467,7
5455,7
5636,7
5754,7
6092,7
7609,7
11807,7
134,7
6428,7
6524,7
8771,7
10566,7
10719,7
2599,7
3993,7
5979,7
6135,7
7000,7
10034,7
10481,7
12516,7
2208,7
4380,7
4513,7
6942,7
8838,7
2310,7
7476,7
9901,7
1580,6
2122,6
4818,6
6336,6
7240,6
8389,6
8592,6
9427,6
11858,6
13623,6
540,6
737,6
897,6
1084,6
4929,6
10703,6
1270,6
1618,6
1650,6
2572,6
4489,6
7387,6
7879,6
9517,6
11393,6
137,6
4078,6
4239,6
8743,6
883,6
5578,6
5682,6
5695,6
7324,6
10632,6
11745,6
12284,6
898,6
2914,6
4357,6
6176,6
7584,6
11143,6
11243,6
2238,6
2874,6
4291,6
4583,6
4838,6
7222,6
12530,6
513,6
4531,6
4624,6
5030,6
6678,6
8051,6
9470,6
673,6
974,6
5222,6
7131,6
9324,6
3601,6
4782,6
9006,6
9968,6
3124,6
7497,6
9405,6
11327,6
1537,6
2200,6
4263,6
7499,6
7562,6
8172,6
11627,6
11876,6
11909,6
12355,6
4683,6
7744,6
10180,6
5699,6
7331,6
7550,6
8001,6
9255,6
11072,6
28,6
2313,6
4326,6
7613,6
9714,6
9781,6
9926,6
10414,6
13195,6
762,6
1274,6
1296,6
4424,6
7306,6
8877,6
12286,6
412,6
6152,6
6820,6
7594,6
7796,6
11694,6
587,6
988,6
1574,6
4843,6
9443,6
10043,6
6863,6
8747,6
10739,6
11686,6
12555,6
13416,6
2335,6
2439,6
5758,6
8980,6
9446,6
1019,6
4408,6
5123,6
8895,6
9442,6
11111,6
916,6
1350,6
1418,6
3183,6
5219,6
7676,6
8967,6
9498,6
11562,6
11839,6
1280,6
1877,6
3727,6
5708,6
7023,6
9205,6
13644,6
2496,6
2595,6
2629,6
4286,6
9840,6
1260,6
3054,6
3328,6
6201,6
9824,6
2675,6
3116,6
6668,6
11120,6
11368,6
13440,6
548,6
2168,6
2753,6
4591,6
5062,6
6572,6
7600,6
91,6
1659,6
1820,6
5370,6
5843,6
6045,6
333,6
2227,6
2255,6
5112,6
7823,6
2288,6
2532,6
3108,6
3886,6
4120,6
6616,6
10053,6
10747,6
12535,6
995,6
3579,6
4718,6
5282,6
11888,6
12203,6
686,6
2517,6
5025,6
6835,6
7124,6
7589,6
8047,6
8658,6
8969,6
10358,6
11187,6
11829,6
12910,6
225,6
1506,6
2148,6
2414,6
2774,6
4376,6
6740,6
7580,6
8131,6
11607,6
3244,6
3276,6
4040,6
6795,6
8886,6
11105,6
224,6
2628,6
8178,6
10409,6
3140,6
8163,6
9166,6
9512,6
177,6
556,6
2038,6
2998,6
4032,6
4756,6
8722,6
9439,6
11863,6
2829,6
10604,6
305,6
747,6
1542,6
2092,6
4469,6
4893,6
5334,6
6480,6
906,6
1306,6
5344,6
7236,6
8218,6
10480,6
12003,6
12032,6
935,6
1681,6
2191,6
2635,6
3121,6
7555,6
10002,6
1122,6
4898,6
6902,6
7343,6
9399,6
9418,6
13249,6
2239,6
3283,6
4561,6
4973,6
7355,6
13878,6
4351,6
10376,6
11572,6
12063,6
13251,6
1798,6
2475,6
2763,6
3030,6
4475,6
6481,6
9088,6
9763,6
1190,6
1400,6
5539,6
9279,6
9283,6
2170,6
2633,6
7707,6
10791,6
182,6
1644,6
3032,6
3978,6
4304,6
4877,6
6729,6
8987,6
10112,6
11644,6
13119,6
440,6
2471,6
3484,6
4151,6
6375,6
7812,6
8256,6
10045,6
10326,6
10610,6
11207,6
6,6
1267,6
1367,6
2102,6
4030,6
4365,6
4977,6
7617,6
3813,6
4966,6
5167,6
10396,6
142,6
925,6
5676,6
8546,6
10052,6
10737,6
11036,6
11212,6
1410,6
4944,6
5031,6
6579,6
9937,6
10667,6
40,6
1636,6
3115,6
5933,6
6886,6
7971,6
9940,6
169,6
1353,6
2729,6
4355,6
7349,6
8930,6
10434,6
4258,6
10456,6
11962,6
13802,6
980,6
2695,6
3791,6
4807,6
4995,6
5237,6
7759,6
9776,6
250,6
6322,6
8206,6
10411,6
3699,6
8594,6
8742,6
10550,6
13803,6
1968,6
2405,6
2464,6
4544,6
6583,6
6959,6
9058,6
339,6
923,6
4820,6
10331,6
10378,6
2232,6
3730,6
3757,6
4136,6
4692,6
6719,6
7735,6
2640,6
10117,6
10243,6
11045,6
1951,6
3084,6
7112,6
8039,6
8834,6
9691,6
10271,6
12587,6
1518,6
5526,6
6127,6
6430,6
7578,6
8993,6
11844,6
650,6
5657,6
6193,6
6600,6
8653,6
12175,6
1087,6
5694,6
7911,6
10720,6
709,6
5311,6
7740,6
8705,6
9491,6
4867,6
7795,6
11156,6
2451,6
4849,6
4952,6
5109,6
7420,6
7722,6
8990,6
9429,6
9794,6
9855,6
553,6
560,6
836,6
3584,6
5385,6
7029,6
8524,6
10056,6
10709,6
5327,6
6072,6
6299,6
10780,6
644,6
2418,6
6255,6
7053,6
9715,6
11315,6
11652,6
12326,6
1220,6
2131,6
2895,6
3806,6
4870,6
6134,6
7692,6
9930,6
9995,6
764,6
886,6
1048,6
2909,6
9074,6
9621,6
9894,6
10130,6
11527,6
425,6
904,6
1559,6
1979,6
2150,6
5728,6
8203,6
8985,6
9278,6
10330,6
11587,6
11932,6
12050,6
1632,6
1688,6
2801,6
3285,6
3522,6
6776,6
10107,6
3118,6
3333,6
3382,6
3638,6
4308,6
4742,6
8591,6
8593,6
2691,6
2798,6
3310,6
3383,6
5688,6
6426,6
6984,6
8216,6
9462,6
9760,6
10638,6
2438,6
6531,6
6940,6
7979,6
8504,6
9168,6
1576,6
3674,6
3999,6
4073,6
6877,6
8406,6
8688,6
1132,6
3401,6
4921,6
6976,6
8082,6
8094,6
8706,6
8973,6
12195,6
3092,6
4007,6
4712,6
5495,6
9820,6
9941,6
11400,6
11840,6
2354,6
2817,6
2942,6
7704,6
7745,6
9409,6
1362,6
1396,6
1747,6
2267,6
9784,6
10365,6
3323,6
3610,6
5183,6
11253,6
12428,6
4211,6
4485,6
4875,6
5548,6
6747,6
7204,6
11522,6
318,6
3011,6
4264,6
6558,6
7117,6
7437,6
10976,6
12553,6
263,6
564,6
9336,6
1219,6
1406,6
2473,6
4127,6
5470,6
8269,6
11719,6
12381,6
586,6
1164,6
1329,6
2164,6
3619,6
3658,6
4940,6
5249,6
12400,6
72,6
286,6
2107,6
2972,6
3114,6
4587,6
7552,6
8945,6
9118,6
11098,6
11378,6
1509,6
2211,6
3392,6
5421,6
5453,6
6307,6
7429,6
9233,6
9927,6
3161,6
4409,6
4889,6
5975,6
6849,6
7513,6
9268,6
9735,6
12041,6
4115,6
4754,6
6784,6
7953,6
9638,6
12212,6
610,6
614,6
2445,6
3571,6
3966,6
8281,6
11884,6
13564,6
13753,6
1059,6
1536,6
2947,6
8692,6
9051,6
10983,6
13482,6
2523,6
3588,6
7714,6
9360,6
11061,6
1945,6
8598,6
9094,6
10797,6
800,6
986,6
6015,6
6446,6
8703,6
9346,6
9756,6
10470,6
12228,6
12586,6
13240,6
766,6
6454,6
7227,6
7380,6
10393,6
11341,6
12617,6
810,6
2929,6
2991,6
3018,6
3660,6
5752,6
7761,6
8241,6
9302,6
10617,6
12111,6
684,6
1669,6
6175,6
11020,6
13365,6
241,6
717,6
2574,6
3575,6
4254,6
6425,6
7136,6
10009,6
1943,6
1996,6
2687,6
3128,6
2579,6
2784,6
5602,6
8925,6
11007,6
11239,6
13244,6
380,6
736,6
1111,6
2315,6
4693,6
6626,6
8293,6
9767,6
13105,6
7773,6
244,6
2912,6
2918,6
5075,6
6434,6
6854,6
8339,6
9198,6
9288,6
11274,6
7353,6
7730,6
8173,6
8250,6
9871,6
11667,6
1236,6
1998,6
4149,6
9002,6
12541,6
1845,6
3407,6
4045,6
4071,6
4150,6
8068,6
11221,6
434,6
1620,6
3331,6
3652,6
4377,6
4667,6
8767,6
11309,6
957,6
4594,6
4888,6
6295,6
6456,6
7884,6
7998,6
9798,6
11586,6
1619,6
3218,6
3944,6
4581,6
5121,6
5774,6
6168,6
8434,6
8624,6
9397,6
10554,6
10612,6
1872,6
3718,6
7151,6
7484,6
9420,6
97,6
7074,6
7229,6
8347,6
9612,6
9936,6
11502,6
2328,6
3985,6
4142,6
4968,6
5362,6
6464,6
7193,6
9307,6
9389,6
11034,6
11940,6
13432,6
13462,6
869,6
1905,6
5033,6
5631,6
5652,6
5717,6
11796,6
7375,6
11753,6
12131,6
403,6
1738,6
3695,6
5504,6
6947,6
7899,6
8113,6
2350,6
4709,6
5574,6
5645,6
5921,6
7397,6
1755,6
2167,6
3745,6
5468,6
12508,6
2229,6
3592,6
5008,6
8283,6
8298,6
9821,6
2787,6
3467,6
4805,6
5589,6
5931,6
6184,6
9358,6
12004,6
3776,6
6918,6
11953,6
569,6
769,6
938,6
977,6
2608,6
2788,6
5412,6
8232,6
12248,6
216,6
3640,6
4456,6
6763,6
9370,6
9701,6
946,6
1655,6
1918,6
2952,6
5194,6
10359,6
11305,6
2311,6
2452,6
4243,6
4282,6
4439,6
5689,6
6501,6
9598,6
10701,6
11049,6
945,6
5059,6
5378,6
6613,6
9326,6
10382,6
240,6
2540,6
2902,6
5460,6
9955,6
10008,6
427,6
2112,6
2316,6
2578,6
2928,6
12570,6
13638,6
2648,6
6545,6
8333,6
9800,6
2552,6
5267,6
5350,6
7568,6
7845,6
9750,6
10631,6
893,6
3899,6
4891,6
6486,6
8074,6
8098,6
10812,6
11266,6
4970,6
5762,6
6012,6
6923,6
3267,6
3751,6
9971,6
11101,6
8875,6
10955,6
967,6
5196,6
8505,6
10595,6
4533,6
5927,6
11898,6
1439,6
2139,6
5672,6
8804,6
1221,6
2291,6
4084,6
8695,6
9970,6
10629,6
11964,6
21,6
2074,6
2708,6
4566,6
4792,6
8099,6
11084,6
12563,6
13848,6
14011,6
1327,6
1345,6
9089,6
9656,6
13822,6
2178,6
2426,6
2943,6
4664,6
5637,6
7036,6
9072,6
9285,6
11360,6
1042,6
3507,6
4753,6
5714,6
6271,6
7889,6
10714,6
2435,6
4869,6
4965,6
6950,6
8266,6
1920,6
2744,6
3255,6
8687,6
9809,6
9815,6
10069,6
11910,6
13272,6
11158,6
11803,6
371,6
1014,6
2152,6
3746,6
10097,6
10253,6
11380,6
11833,6
12005,6
1027,6
2491,6
6046,6
8227,6
265,6
640,6
1668,6
2460,6
2508,6
5395,6
6101,6
10030,6
10314,6
4306,6
4410,6
8314,6
978,6
1547,6
4077,6
5650,6
8171,6
9679,6
12634,6
13950,6
2043,6
3722,6
5484,6
5928,6
8215,6
8631,6
9362,6
9487,6
9761,6
639,6
3247,6
7663,6
8929,6
9905,6
11285,6
478,6
655,6
4492,6
5604,6
6321,6
7089,6
7697,6
8240,6
8841,6
9042,6
9720,6
10508,6
11003,6
11071,6
4942,6
6226,6
7149,6
9245,6
708,6
807,6
4657,6
11294,6
536,6
1813,6
1830,6
2977,6
4462,6
5226,6
5399,6
7996,6
11044,6
753,6
3203,6
6008,6
6455,6
8286,6
8724,6
11147,6
11186,6
3849,6
4360,6
5525,6
5719,6
5805,6
5980,6
8983,6
12594,6
11,6
1859,6
4764,6
5272,6
7830,6
8869,6
9044,6
10967,6
11728,6
508,6
1033,6
4131,6
4488,6
6202,6
9314,6
10419,6
11524,6
1730,6
2001,6
5674,6
5766,6
6023,6
9007,6
10644,6
11680,6
12220,6
12275,6
2486,6
7445,6
9586,6
9972,6
12906,6
1797,6
2024,6
4575,6
5782,6
6458,6
13217,6
3455,6
3829,6
8497,6
11889,6
349,6
7298,6
12040,6
13296,6
1264,6
1448,6
3643,6
3770,6
4175,6
5277,6
10173,6
270,6
284,6
1684,6
2222,6
2709,6
4640,6
6114,6
8142,6
9025,6
12552,6
522,6
1788,6
2617,6
2731,6
3146,6
5793,6
9392,6
11879,6
42,6
1433,6
3448,6
5569,6
6889,6
7134,6
7959,6
5079,6
6037,6
8906,6
8944,6
9388,6
1984,6
3988,6
7670,6
10741,6
10749,6
999,6
1316,6
1691,6
2115,6
2938,6
7189,6
7457,6
7575,6
8554,6
11355,6
4702,6
4783,6
5700,6
10204,6
1503,6
1508,6
1571,6
1981,6
4724,6
8972,6
9010,6
13541,6
13894,6
571,6
1366,6
1986,6
2137,6
4129,6
7835,6
8890,6
3768,6
9912,6
11787,6
13862,6
4141,6
4860,6
9232,6
9996,6
5364,6
8739,6
8905,6
9380,6
9773,6
10670,6
8765,6
11704,6
11723,6
605,6
1101,6
1976,6
2813,6
9563,6
10060,6
10744,6
10944,6
11972,6
2248,6
3159,6
10500,6
11613,6
2382,6
3464,6
3581,6
9240,6
9525,6
11788,6
215,6
1674,6
2514,6
3809,6
5019,6
5684,6
7543,6
7790,6
7843,6
8879,6
10145,6
12188,6
13842,6
1999,6
5250,6
6104,6
6972,6
7527,6
11774,6
12159,6
13839,6
551,6
2289,6
2639,6
2913,6
4108,6
4303,6
7104,6
705,6
785,6
1278,6
1710,6
1962,6
4222,6
4598,6
7955,6
8597,6
8843,6
9529,6
11716,6
3308,6
4621,6
6133,6
6526,6
6885,6
8420,6
9457,6
12189,6
1719,6
4795,6
9795,6
11552,6
12021,6
138,6
4574,6
6083,6
8599,6
10836,6
10887,6
11371,6
2673,6
2700,6
3596,6
7062,6
8502,6
9626,6
9645,6
11267,6
12074,6
13276,6
13851,6
584,6
2110,6
2417,6
3291,6
11434,6
6604,6
8836,6
9277,6
9908,6
11926,6
12840,6
1107,6
2690,6
3542,6
3782,6
6542,6
8251,6
9348,6
1882,6
2370,6
2454,6
3444,6
3846,6
3245,6
5836,6
9067,6
10403,6
3918,5
4900,5
3698,5
4158,5
9182,5
11316,5
5117,5
10708,5
10862,5
11025,5
3098,5
5308,5
7066,5
7910,5
8650,5
13898,5
4383,5
5217,5
5697,5
5907,5
7576,5
8577,5
9206,5
11352,5
13329,5
804,5
2027,5
5847,5
6890,5
9914,5
10264,5
10416,5
12184,5
8249,5
8482,5
5211,5
5949,5
6911,5
8145,5
8231,5
8845,5
10143,5
12727,5
321,5
5251,5
5427,5
6145,5
6939,5
12436,5
593,5
1653,5
2513,5
5235,5
6188,5
6732,5
7218,5
9435,5
9640,5
10162,5
12542,5
1068,5
1675,5
7647,5
9209,5
10168,5
11578,5
13594,5
2261,5
4865,5
8536,5
8689,5
8887,5
10018,5
10626,5
11119,5
13830,5
14044,5
830,5
847,5
1226,5
2007,5
3538,5
3936,5
6664,5
7604,5
8243,5
12328,5
1892,5
2209,5
3685,5
5961,5
5981,5
6095,5
6319,5
7188,5
7325,5
8827,5
8999,5
10075,5
10234,5
10502,5
10651,5
10979,5
13045,5
2018,5
3885,5
4230,5
8123,5
12948,5
406,5
784,5
5930,5
12057,5
3296,5
4858,5
5691,5
7634,5
8210,5
11081,5
11334,5
11841,5
11883,5
12868,5
3166,5
3359,5
3725,5
5006,5
5756,5
6705,5
7242,5
8902,5
9551,5
10445,5
10654,5
11213,5
11868,5
2650,5
3211,5
3743,5
4758,5
6488,5
8303,5
9890,5
12893,5
2750,5
4866,5
5160,5
5647,5
9027,5
9270,5
10565,5
3481,5
3669,5
3744,5
4267,5
4354,5
5852,5
6509,5
10184,5
11456,5
12192,5
13477,5
13685,5
806,5
6528,5
7516,5
7684,5
7788,5
8141,5
9286,5
11162,5
1398,5
1890,5
3972,5
7244,5
12310,5
3196,5
4305,5
4874,5
6267,5
8255,5
9426,5
9523,5
10539,5
11249,5
12543,5
12881,5
3076,5
6538,5
6716,5
8239,5
9264,5
10570,5
11361,5
11757,5
3502,5
3621,5
4669,5
5909,5
6096,5
9677,5
9689,5
1777,5
4014,5
5333,5
6028,5
8888,5
9474,5
9734,5
1215,5
1925,5
2726,5
2772,5
4994,5
7699,5
9629,5
9783,5
13111,5
5932,5
8786,5
9039,5
10165,5
10433,5
372,5
685,5
1065,5
1848,5
2242,5
2407,5
5302,5
6469,5
7198,5
9611,5
10037,5
493,5
1583,5
5568,5
7159,5
8762,5
10668,5
12170,5
190,5
2042,5
2724,5
4386,5
4726,5
5266,5
5828,5
7123,5
8811,5
11615,5
367,5
4530,5
9568,5
9642,5
9759,5
11311,5
12533,5
12558,5
519,5
1197,5
1729,5
2404,5
3817,5
4018,5
5442,5
7160,5
10779,5
12340,5
12519,5
1477,5
1944,5
3144,5
4481,5
4642,5
4851,5
5620,5
8152,5
8672,5
9548,5
9726,5
10240,5
14077,5
711,5
3904,5
8516,5
11469,5
1206,5
2582,5
4246,5
4828,5
5286,5
6125,5
9507,5
11781,5
1512,5
1694,5
6097,5
7361,5
9732,5
10352,5
11250,5
12473,5
325,5
2647,5
5595,5
6706,5
7001,5
7748,5
10346,5
10962,5
473,5
3753,5
6687,5
7861,5
9931,5
2320,5
5624,5
9754,5
10869,5
12704,5
1773,5
6177,5
12190,5
4041,5
5960,5
8982,5
9471,5
10953,5
770,5
1902,5
5496,5
7806,5
9624,5
13571,5
715,5
1427,5
1458,5
4349,5
4979,5
5341,5
7230,5
8445,5
8699,5
10318,5
1473,5
1722,5
1878,5
2363,5
3111,5
3446,5
3987,5
4688,5
6508,5
7709,5
10054,5
11001,5
11674,5
11759,5
442,5
699,5
792,5
7008,5
7855,5
8019,5
10216,5
10572,5
280,5
4297,5
4487,5
6578,5
8402,5
9084,5
9317,5
5343,5
7182,5
8492,5
9230,5
572,5
5001,5
8226,5
8338,5
9801,5
9945,5
10338,5
10746,5
11553,5
13264,5
2422,5
3602,5
4091,5
5056,5
5701,5
11645,5
12579,5
13630,5
1130,5
3557,5
3659,5
5983,5
8800,5
9092,5
10283,5
10364,5
10627,5
20,5
1997,5
2161,5
3167,5
3415,5
6506,5
8108,5
8217,5
9086,5
9981,5
11557,5
11735,5
500,5
1171,5
5538,5
7775,5
9631,5
10347,5
11028,5
1144,5
6268,5
6655,5
7490,5
8201,5
9494,5
13471,5
13654,5
295,5
1245,5
3497,5
4510,5
6452,5
6963,5
7705,5
7968,5
9827,5
13556,5
377,5
1394,5
3863,5
4176,5
6239,5
11048,5
14008,5
8957,5
9121,5
11662,5
12374,5
12567,5
13791,5
647,5
1113,5
2694,5
3871,5
7019,5
7523,5
8374,5
9444,5
11054,5
13621,5
944,5
983,5
1251,5
3815,5
5347,5
8588,5
10035,5
12112,5
3827,5
4221,5
4631,5
6656,5
7101,5
7794,5
8263,5
9622,5
9998,5
11037,5
11919,5
12341,5
634,5
3726,5
3833,5
5086,5
6199,5
6370,5
7362,5
8359,5
11765,5
12230,5
12452,5
12520,5
13579,5
3473,5
4043,5
5147,5
7633,5
9131,5
9296,5
3075,5
7672,5
8044,5
9313,5
1811,5
8012,5
8690,5
9191,5
9290,5
10766,5
3135,5
6155,5
9402,5
10313,5
2252,5
2499,5
4660,5
5736,5
6879,5
8941,5
11373,5
11804,5
1642,5
3369,5
4536,5
5488,5
5735,5
5924,5
8507,5
9690,5
10520,5
10742,5
11107,5
2652,5
4295,5
4320,5
7165,5
7181,5
9327,5
2785,5
6149,5
7798,5
8248,5
8844,5
10412,5
11304,5
12815,5
1486,5
6249,5
8140,5
8161,5
9596,5
11354,5
11432,5
12262,5
257,5
1843,5
5554,5
5579,5
5751,5
8720,5
10498,5
13378,5
227,5
1603,5
1874,5
2984,5
3080,5
3181,5
5580,5
5610,5
5713,5
9664,5
1255,5
1375,5
6568,5
7517,5
7926,5
8870,5
12775,5
931,5
1846,5
4505,5
5265,5
6588,5
7072,5
7427,5
6921,5
8921,5
9501,5
10289,5
11655,5
3434,5
3686,5
3789,5
5667,5
10940,5
2834,5
3835,5
6333,5
6787,5
7606,5
8509,5
8939,5
9628,5
1194,5
3898,5
4195,5
6042,5
6663,5
6876,5
8954,5
327,5
4348,5
7174,5
9739,5
9805,5
5044,5
7764,5
9287,5
13510,5
1971,5
2157,5
10665,5
10706,5
13553,5
13680,5
1119,5
1180,5
2149,5
6445,5
11148,5
11874,5
3412,5
9342,5
10796,5
11782,5
523,5
1231,5
2067,5
4625,5
8267,5
10194,5
3334,5
3426,5
4770,5
4884,5
7170,5
7278,5
8839,5
3476,5
10607,5
4743,5
6009,5
6850,5
7107,5
10205,5
10939,5
12641,5
9,5
552,5
2777,5
3687,5
4511,5
6811,5
9028,5
5680,5
6222,5
6703,5
6765,5
7897,5
9613,5
10425,5
13405,5
13900,5
1778,5
2598,5
6762,5
8533,5
12318,5
1969,5
4537,5
6106,5
7363,5
11407,5
423,5
8907,5
498,5
1121,5
2718,5
3958,5
5969,5
6573,5
7640,5
11760,5
503,5
2080,5
3137,5
4412,5
4768,5
5709,5
5970,5
5999,5
6218,5
7114,5
7444,5
9733,5
2298,5
2716,5
3201,5
3511,5
4423,5
5331,5
12231,5
12787,5
13695,5
742,5
6055,5
7389,5
7923,5
12539,5
14039,5
3129,5
4950,5
7803,5
9602,5
12069,5
14059,5
1657,5
2338,5
4345,5
4495,5
6031,5
10448,5
10724,5
10958,5
11742,5
11778,5
12532,5
1727,5
9757,5
10167,5
278,5
301,5
713,5
2402,5
5127,5
7961,5
9792,5
10615,5
11056,5
12073,5
59,5
3830,5
5363,5
5608,5
6137,5
7785,5
8027,5
9004,5
10551,5
12947,5
450,5
495,5
4248,5
5276,5
5722,5
6212,5
6363,5
9406,5
10464,5
10477,5
12031,5
12100,5
1256,5
1989,5
3036,5
3479,5
5369,5
7867,5
10614,5
12197,5
12311,5
1685,5
2933,5
4560,5
5064,5
5200,5
7462,5
11010,5
13872,5
3263,5
5023,5
8936,5
8952,5
9836,5
2436,5
6063,5
7646,5
7763,5
8847,5
11923,5
13614,5
1795,5
5834,5
8861,5
9347,5
12276,5
13899,5
1422,5
2104,5
10619,5
12126,5
314,5
728,5
824,5
5153,5
5218,5
5627,5
6162,5
7105,5
12064,5
13124,5
1233,5
1374,5
2807,5
4427,5
5780,5
7186,5
10340,5
11775,5
12152,5
12540,5
171,5
273,5
2429,5
3454,5
3516,5
6408,5
8323,5
10806,5
13391,5
428,5
3821,5
4124,5
4787,5
6107,5
9959,5
12072,5
12335,5
706,5
1887,5
4436,5
4780,5
9648,5
11554,5
13606,5
13896,5
2590,5
4778,5
7406,5
8107,5
1261,5
2194,5
4086,5
4135,5
4180,5
5053,5
5261,5
7431,5
7937,5
10181,5
11973,5
13525,5
661,5
693,5
1006,5
2480,5
3840,5
3933,5
4123,5
4433,5
6066,5
7279,5
9229,5
9461,5
389,5
1081,5
1347,5
3866,5
4461,5
6869,5
8475,5
11228,5
2853,5
4026,5
4661,5
13683,5
3126,5
4022,5
4224,5
5898,5
7694,5
8696,5
1780,5
4164,5
4273,5
4714,5
8120,5
102,5
361,5
589,5
1459,5
3787,5
4156,5
4245,5
5781,5
6327,5
11498,5
11529,5
11965,5
12119,5
13041,5
1502,5
3860,5
5113,5
6989,5
11369,5
11435,5
50,5
2431,5
3644,5
7391,5
9132,5
9793,5
9934,5
10794,5
13941,5
3682,5
3982,5
4947,5
6861,5
7376,5
8604,5
10356,5
14094,5
3724,5
5172,5
6150,5
6206,5
8959,5
9013,5
9804,5
9933,5
10927,5
11734,5
12351,5
5284,5
6187,5
6767,5
6853,5
7002,5
8181,5
8660,5
10095,5
11895,5
4643,5
7674,5
11544,5
13602,5
13871,5
510,5
3692,5
7073,5
7485,5
9685,5
12614,5
12746,5
703,5
1893,5
2055,5
3480,5
5705,5
9486,5
9913,5
11394,5
4233,5
6867,5
7486,5
7849,5
9145,5
10594,5
11592,5
12051,5
8254,5
9196,5
9693,5
10327,5
12695,5
14023,5
1556,5
3438,5
3510,5
5154,5
6129,5
7553,5
12411,5
3531,5
8369,5
13618,5
3882,5
6749,5
7013,5
8881,5
10490,5
11535,5
1897,5
3973,5
9866,5
1453,5
2075,5
3265,5
3514,5
3580,5
3906,5
4432,5
6494,5
8483,5
11867,5
3576,5
4998,5
8745,5
4231,5
4686,5
4951,5
5253,5
6577,5
10320,5
10965,5
11987,5
12052,5
1687,5
3868,5
5321,5
5857,5
5872,5
6000,5
9684,5
9774,5
10066,5
10880,5
10920,5
11077,5
651,5
1570,5
2165,5
8727,5
9949,5
11006,5
2749,5
3845,5
3911,5
8752,5
11060,5
214,5
710,5
1393,5
1409,5
1523,5
2636,5
4691,5
5185,5
7017,5
8038,5
9449,5
11265,5
13336,5
323,5
2116,5
7808,5
8175,5
9544,5
12053,5
12083,5
941,5
5601,5
10674,5
12071,5
714,5
1602,5
4582,5
6109,5
6229,5
7115,5
11140,5
287,5
345,5
3627,5
6292,5
6782,5
8571,5
10712,5
11299,5
767,5
2533,5
5458,5
6979,5
8926,5
9215,5
12380,5
12669,5
2389,5
7719,5
8778,5
8873,5
10676,5
12517,5
5310,5
5429,5
6753,5
8856,5
9705,5
9786,5
10622,5
10704,5
11515,5
11563,5
12810,5
621,5
1919,5
4853,5
6817,5
8376,5
8814,5
11017,5
13522,5
457,5
1237,5
1895,5
2634,5
6356,5
6834,5
6968,5
7453,5
8525,5
9246,5
11881,5
12899,5
414,5
608,5
1471,5
1915,5
2154,5
6048,5
6511,5
8291,5
13156,5
801,5
4189,5
6736,5
8157,5
9928,5
4458,5
4975,5
6844,5
8685,5
9497,5
9572,5
9581,5
2510,5
6228,5
7717,5
9918,5
10971,5
11323,5
12794,5
213,5
1686,5
5104,5
5528,5
11814,5
12157,5
4284,5
6872,5
9159,5
10198,5
2893,5
3812,5
4548,5
5229,5
7077,5
7495,5
11173,5
304,5
612,5
4785,5
4789,5
8332,5
8772,5
8953,5
10299,5
5698,5
11542,5
12514,5
12883,5
13671,5
4378,5
11846,5
2121,5
3400,5
4188,5
4486,5
4706,5
6132,5
7312,5
8863,5
9331,5
9891,5
10418,5
13658,5
825,5
1129,5
9075,5
14022,5
3358,5
5939,5
7598,5
7913,5
8898,5
12653,5
1241,5
2353,5
6022,5
6191,5
10042,5
10089,5
10270,5
2894,5
3604,5
4242,5
4949,5
5026,5
5098,5
5935,5
6830,5
6862,5
10552,5
12047,5
13540,5
1228,5
5394,5
5726,5
9577,5
9770,5
12338,5
424,5
4597,5
5351,5
7439,5
7807,5
11395,5
12070,5
12604,5
965,5
3100,5
3360,5
3785,5
6666,5
8156,5
8797,5
9810,5
10277,5
11398,5
2049,5
2538,5
5159,5
6286,5
7308,5
11379,5
11930,5
12897,5
13560,5
13808,5
902,5
3142,5
4057,5
6220,5
7085,5
7882,5
11914,5
2308,5
4509,5
5141,5
9818,5
9826,5
9876,5
11798,5
1328,5
2266,5
2897,5
7179,5
10021,5
10256,5
12747,5
2166,5
9430,5
9651,5
4886,5
6926,5
7167,5
7752,5
12547,5
1964,5
4414,5
5215,5
6016,5
7778,5
8806,5
9228,5
11530,5
12089,5
12200,5
3321,5
4236,5
4679,5
7734,5
9102,5
11756,5
13607,5
3289,5
4146,5
4911,5
9916,5
11853,5
12135,5
1879,5
2406,5
2557,5
2818,5
3733,5
11331,5
11695,5
11993,5
12019,5
12908,5
14092,5
3048,5
4636,5
5268,5
5906,5
5973,5
6399,5
7082,5
7983,5
12185,5
3895,5
3961,5
4978,5
5859,5
8114,5
8224,5
9365,5
9984,5
10373,5
10726,5
10819,5
11021,5
13876,5
66,5
405,5
2591,5
3758,5
4079,5
4748,5
5164,5
6888,5
9151,5
9616,5
9618,5
11583,5
11837,5
13565,5
14055,5
67,5
282,5
5514,5
5882,5
7448,5
7829,5
7946,5
10970,5
2997,5
9860,5
10288,5
11417,5
13277,5
1535,5
2017,5
2063,5
2448,5
3134,5
4701,5
7537,5
8315,5
9244,5
12979,5
1178,5
1309,5
1481,5
2799,5
8485,5
9877,5
13265,5
13833,5
7364,5
10437,5
10809,5
13472,5
13530,5
252,5
1067,5
1676,5
3929,5
7141,5
9893,5
10156,5
11100,5
851,5
1640,5
2963,5
4337,5
5441,5
7135,5
8072,5
8618,5
9382,5
12105,5
1734,5
2658,5
5994,5
8214,5
8259,5
12813,5
2507,5
3148,5
7196,5
7858,5
8796,5
10581,5
11758,5
12968,5
13129,5
934,5
1117,5
1258,5
7869,5
8183,5
13203,5
483,5
1803,5
3227,5
3470,5
3870,5
5802,5
6039,5
6590,5
7245,5
7917,5
10827,5
991,5
5901,5
6908,5
9082,5
12250,5
13628,5
13874,5
6484,5
10420,5
13557,5
963,5
6407,5
6804,5
9509,5
12771,5
315,5
5133,5
6905,5
7797,5
9671,5
10218,5
401,5
2376,5
2555,5
2706,5
3523,5
6153,5
6634,5
11442,5
12916,5
1088,4
2142,4
4101,4
5156,4
7554,4
10206,4
11033,4
13840,4
1522,4
1721,4
1896,4
1990,4
4219,4
7168,4
8928,4
9879,4
10914,4
12006,4
13261,4
516,4
1139,4
1339,4
2821,4
5287,4
8407,4
8924,4
9454,4
2525,4
2721,4
2923,4
4684,4
5155,4
6361,4
6597,4
10468,4
5433,4
7333,4
8678,4
8716,4
9775,4
10032,4
10395,4
10788,4
13398,4
14770,4
799,4
6552,4
7892,4
9675,4
10257,4
13997,4
472,4
1718,4
1787,4
2542,4
3306,4
5178,4
8857,4
12717,4
322,4
2396,4
4167,4
6082,4
9018,4
14771,4
2564,4
5543,4
6237,4
8085,4
12401,4
597,4
2835,4
4474,4
5916,4
6157,4
12169,4
108,4
744,4
5827,4
6213,4
7202,4
7481,4
7865,4
12182,4
12384,4
193,4
1344,4
2663,4
4132,4
4172,4
4517,4
7103,4
8396,4
8429,4
8464,4
10241,4
12080,4
101,4
1165,4
2003,4
2342,4
4992,4
5597,4
5918,4
9957,4
12362,4
13745,4
14703,4
5585,4
6741,4
7649,4
7666,4
9293,4
10422,4
10994,4
1426,4
4918,4
5152,4
7460,4
9384,4
10295,4
14733,4
1051,4
1510,4
3485,4
6068,4
7147,4
7531,4
8410,4
10058,4
10186,4
10506,4
787,4
2349,4
2962,4
5552,4
6695,4
7184,4
8126,4
11636,4
2240,4
4229,4
5028,4
7088,4
9538,4
9669,4
12859,4
13847,4
914,4
1372,4
3264,4
5965,4
9771,4
14720,4
577,4
4777,4
5066,4
8962,4
11675,4
12385,4
9249,4
9508,4
9615,4
12404,4
743,4
844,4
3017,4
3287,4
6167,4
7257,4
7962,4
8312,4
9482,4
9489,4
10487,4
10529,4
12806,4
13372,4
1210,4
1689,4
1771,4
4779,4
5892,4
9016,4
9096,4
10252,4
12148,4
4104,4
15188,4
336,4
984,4
1093,4
2228,4
2236,4
4144,4
5087,4
7005,4
9966,4
10276,4
12137,4
12466,4
12935,4
13694,4
5003,4
5307,4
8693,4
4617,4
7504,4
10535,4
12162,4
12232,4
4653,4
6495,4
6746,4
6880,4
7197,4
8825,4
9657,4
10082,4
12000,4
2113,4
4457,4
9391,4
9393,4
9456,4
9468,4
11350,4
11982,4
12158,4
1565,4
3654,4
4720,4
6422,4
7873,4
13219,4
330,4
604,4
1125,4
1550,4
4403,4
4429,4
6630,4
6887,4
6891,4
7787,4
10469,4
11906,4
12712,4
3728,4
9009,4
11566,4
11690,4
93,4
3482,4
5099,4
6090,4
7400,4
7454,4
8526,4
12589,4
13734,4
2791,4
4882,4
6954,4
7975,4
9231,4
9847,4
12193,4
3132,4
3504,4
4277,4
7241,4
9311,4
2051,4
3818,4
5838,4
8328,4
8480,4
11519,4
11824,4
12035,4
2398,4
7701,4
10166,4
12526,4
13643,4
444,4
665,4
671,4
1114,4
3857,4
4604,4
6076,4
7967,4
9782,4
10421,4
12431,4
12432,4
13552,4
14095,4
1786,4
4844,4
7488,4
8029,4
11314,4
11335,4
11408,4
15186,4
386,4
955,4
8893,4
10586,4
10774,4
13093,4
581,4
912,4
4987,4
5947,4
8523,4
9654,4
9678,4
11766,4
12316,4
12440,4
12667,4
13498,4
13868,4
1488,4
4472,4
6366,4
11391,4
1802,4
3819,4
4102,4
5611,4
7723,4
7887,4
9459,4
9758,4
10514,4
11878,4
12414,4
12983,4
1,4
206,4
4931,4
5192,4
5763,4
7087,4
8943,4
12565,4
4312,4
4466,4
5950,4
6362,4
8191,4
10485,4
10900,4
11404,4
992,4
1047,4
5122,4
6786,4
7140,4
7802,4
8785,4
12062,4
3192,4
10187,4
11793,4
2380,4
6194,4
8880,4
11892,4
12780,4
12993,4
13247,4
734,4
2318,4
2455,4
2956,4
3022,4
3231,4
7285,4
7974,4
9073,4
10918,4
12078,4
12097,4
12576,4
5967,4
8009,4
10562,4
11030,4
2470,4
2520,4
11743,4
11750,4
13314,4
1062,4
2481,4
3340,4
3509,4
4738,4
5004,4
5230,4
7226,4
8818,4
9154,4
11709,4
12850,4
2831,4
6840,4
13542,4
3708,4
4347,4
5520,4
8225,4
8578,4
8708,4
11532,4
12880,4
12917,4
2193,4
2351,4
5445,4
5914,4
5971,4
6781,4
7128,4
10574,4
10643,4
14070,4
359,4
5247,4
9040,4
10036,4
11714,4
4279,4
8903,4
9574,4
10847,4
11900,4
13514,4
15113,4
1455,4
6595,4
7411,4
8055,4
9079,4
9483,4
10549,4
12424,4
57,4
5492,4
6091,4
6328,4
6734,4
9854,4
11291,4
11637,4
2782,4
5948,4
7006,4
9846,4
9886,4
10423,4
14746,4
676,4
3388,4
7301,4
8992,4
9333,4
10926,4
12801,4
13407,4
120,4
5225,4
7449,4
9902,4
10297,4
11399,4
646,4
1665,4
6182,4
7524,4
9748,4
10557,4
12350,4
1435,4
1551,4
1605,4
3034,4
4839,4
8092,4
9455,4
9895,4
11328,4
1032,4
2477,4
4024,4
5890,4
6325,4
10339,4
14786,4
2602,4
6252,4
8034,4
10101,4
10751,4
11851,4
12515,4
9292,4
9436,4
11610,4
11752,4
13417,4
13807,4
2268,4
8832,4
9853,4
10001,4
10841,4
12229,4
13911,4
729,4
3655,4
4559,4
6839,4
8490,4
9630,4
11269,4
12013,4
397,4
754,4
2623,4
2742,4
4962,4
5227,4
6700,4
7396,4
8884,4
13442,4
13619,4
13948,4
2664,4
7401,4
8894,4
9275,4
9727,4
10417,4
10754,4
11986,4
5150,4
10438,4
13869,4
1841,4
3097,4
4262,4
6081,4
8393,4
8573,4
9343,4
11545,4
11701,4
1299,4
2891,4
4465,4
5656,4
13206,4
13714,4
504,4
1973,4
2627,4
3281,4
4134,4
6367,4
7127,4
7247,4
9768,4
2041,4
3341,4
3675,4
6822,4
7366,4
7655,4
12297,4
447,4
1529,4
8135,4
13133,4
14069,4
2420,4
4015,4
4629,4
12243,4
4638,4
5220,4
7693,4
8279,4
8798,4
10367,4
3086,4
4741,4
7368,4
8083,4
10099,4
15112,4
1732,4
1894,4
2246,4
4662,4
5619,4
7093,4
11130,4
11763,4
12482,4
13897,4
775,4
2428,4
7213,4
9692,4
10822,4
12934,4
13562,4
1286,4
3664,4
9322,4
10029,4
12512,4
14082,4
189,4
2413,4
4648,4
4864,4
5727,4
6550,4
7428,4
9963,4
14777,4
4658,4
6314,4
7886,4
9034,4
10098,4
12095,4
12648,4
4296,4
4948,4
11179,4
88,4
903,4
1949,4
9921,4
10531,4
10925,4
12697,4
462,4
547,4
1124,4
2060,4
4809,4
4907,4
5191,4
6277,4
11869,4
2589,4
3671,4
6029,4
6240,4
10772,4
3047,4
3952,4
9130,4
13843,4
609,4
1706,4
6841,4
9316,4
9373,4
10475,4
3620,4
5945,4
12573,4
1017,4
2205,4
5664,4
5772,4
5829,4
6065,4
6534,4
8296,4
10012,4
10451,4
11590,4
12281,4
387,4
3408,4
10743,4
11363,4
12115,4
13380,4
4447,4
10687,4
11991,4
13007,4
2324,4
3900,4
4824,4
6332,4
7767,4
7816,4
8855,4
8966,4
9432,4
1379,4
1384,4
3139,4
4577,4
5540,4
5972,4
13233,4
13238,4
1513,4
1814,4
2099,4
2442,4
4133,4
4855,4
5814,4
6075,4
6818,4
8651,4
9315,4
11199,4
12022,4
12633,4
196,4
2135,4
7086,4
9119,4
9604,4
9812,4
11152,4
11567,4
11588,4
11597,4
12493,4
217,4
948,4
1560,4
3422,4
7038,4
7344,4
9431,4
11094,4
11561,4
13438,4
823,4
5938,4
6551,4
7303,4
7632,4
8292,4
8300,4
9811,4
11749,4
12581,4
13364,4
6642,4
7030,4
8738,4
8916,4
9850,4
9938,4
11189,4
11509,4
12363,4
12950,4
445,4
4592,4
4721,4
7187,4
10154,4
2299,4
2547,4
8151,4
8866,4
8931,4
1397,4
6892,4
9221,4
9868,4
1022,4
1060,4
4105,4
6198,4
9527,4
10255,4
14768,4
49,4
520,4
1717,4
3373,4
6170,4
9253,4
14071,4
1494,4
2756,4
4909,4
7561,4
9329,4
14705,4
2704,4
6035,4
8479,4
8874,4
9743,4
11747,4
12076,4
720,4
1358,4
4892,4
11256,4
11832,4
13957,4
1661,4
1810,4
2083,4
2147,4
2940,4
3319,4
3543,4
3916,4
4271,4
5065,4
5679,4
5730,4
9368,4
1594,4
1716,4
6346,4
7908,4
7909,4
8788,4
8862,4
10077,4
10380,4
13663,4
14021,4
14726,4
1305,4
2814,4
5050,4
5976,4
7779,4
8572,4
10483,4
12545,4
277,4
1963,4
5501,4
7133,4
8430,4
1313,4
1840,4
3763,4
5899,4
6087,4
7493,4
9872,4
9939,4
10316,4
11155,4
13112,4
13204,4
15160,4
1412,4
2864,4
4760,4
6189,4
6331,4
10072,4
10471,4
12136,4
12392,4
15158,4
1876,4
2751,4
5718,4
7442,4
10093,4
11069,4
11534,4
13173,4
533,4
6018,4
9070,4
9819,4
10599,4
13776,4
1714,4
2020,4
3799,4
9374,4
10150,4
10224,4
10402,4
12068,4
12098,4
2587,4
3598,4
5913,4
7044,4
7492,4
7976,4
9128,4
11032,4
11085,4
12002,4
12149,4
982,4
3639,4
4752,4
5985,4
6147,4
7841,4
8923,4
9550,4
10073,4
10662,4
13943,4
14074,4
907,4
2172,4
3633,4
3771,4
5853,4
5915,4
6493,4
10427,4
10553,4
12434,4
13159,4
13978,4
1346,4
4676,4
5469,4
6163,4
11546,4
658,4
1354,4
4964,4
7755,4
8860,4
10199,4
10528,4
12628,4
3168,4
4635,4
7920,4
11698,4
13121,4
13853,4
817,4
3429,4
4340,4
5988,4
6432,4
12171,4
1442,4
3131,4
8635,4
9887,4
10080,4
11251,4
11279,4
11922,4
12537,4
13208,4
3182,4
3646,4
4652,4
7069,4
9511,4
11022,4
13863,4
1809,4
1864,4
3393,4
5013,4
6977,4
8143,4
9005,4
9041,4
10710,4
11362,4
12569,4
14701,4
82,4
4879,4
6991,4
8110,4
9332,4
576,4
5280,4
8111,4
8937,4
9036,4
9142,4
12305,4
15135,4
15153,4
3185,4
8791,4
8946,4
9440,4
13788,4
13870,4
73,4
5020,4
7637,4
9837,4
13394,4
237,4
1421,4
1941,4
4470,4
9222,4
645,4
10127,4
11938,4
160,4
1071,4
1103,4
1501,4
4915,4
6232,4
8033,4
13647,4
408,4
3096,4
5177,4
6957,4
7332,4
7548,4
9929,4
12856,4
125,4
3678,4
3909,4
4767,4
4880,4
5904,4
6547,4
10770,4
11579,4
12397,4
12398,4
12492,4
4747,4
4938,4
6173,4
7512,4
7569,4
8540,4
10584,4
11303,4
12369,4
12672,4
13171,4
1679,4
7673,4
9830,4
10153,4
10444,4
11012,4
11019,4
13580,4
15121,4
15122,4
2133,4
4187,4
4493,4
4825,4
5045,4
9263,4
11843,4
14718,4
3288,4
7771,4
9605,4
10601,4
12454,4
13253,4
14078,4
15126,4
2981,4
5181,4
6757,4
6875,4
10818,4
5830,4
6845,4
7358,4
8188,4
9587,4
10441,4
11065,4
12938,4
1153,4
2955,4
3872,4
8063,4
8555,4
9561,4
12058,4
12844,4
14750,4
492,4
4117,4
5292,4
6944,4
7630,4
10450,4
11040,4
11383,4
11791,4
13174,4
6922,4
7610,4
8361,4
10214,4
11079,4
11510,4
1168,4
1832,4
3954,4
8512,4
8889,4
11427,4
12811,4
2327,4
6158,4
8031,4
9408,4
11783,4
12010,4
12764,4
12800,4
13693,4
1203,4
3384,4
4649,4
5454,4
6625,4
6796,4
7394,4
8854,4
9319,4
11806,4
11830,4
12443,4
32,4
1937,4
5773,4
6648,4
6808,4
8669,4
2195,4
6909,4
7010,4
7848,4
13270,4
14093,4
221,4
835,4
3540,4
3788,4
5279,4
9881,4
12977,4
12990,4
13201,4
13592,4
5534,4
6021,4
6079,4
6894,4
8978,4
9960,4
11958,4
3594,4
5739,4
6682,4
7828,4
9617,4
11565,4
12403,4
56,4
1040,4
2093,4
10226,4
12939,4
14781,4
228,4
1585,4
2253,4
2765,4
3603,4
6838,4
9412,4
10188,4
10231,4
10466,4
11102,4
11245,4
12128,4
12458,4
12657,4
13846,4
1120,4
1408,4
6497,4
6566,4
7659,4
8136,4
8285,4
8357,4
10050,4
10621,4
11042,4
11525,4
1953,4
4616,4
4971,4
5729,4
7521,4
10555,4
12483,4
3892,4
4801,4
5951,4
6044,4
9148,4
10413,4
10428,4
11086,4
12043,4
13411,4
14731,4
4257,4
7407,4
8164,4
8404,4
13989,4
2293,4
2332,4
6073,4
6451,4
8933,4
10630,4
575,4
3550,4
5299,4
6324,4
6420,4
7205,4
8470,4
8949,4
12878,4
14087,4
150,4
541,4
1821,4
5654,4
7631,4
9718,4
10301,4
10372,4
10521,4
12060,4
13107,4
13861,4
5070,4
7977,4
9838,4
11312,4
12061,4
12387,4
4201,4
8506,4
13137,4
5379,4
7329,4
10987,4
12352,4
317,4
2714,4
2934,4
3808,4
5902,4
7371,4
8968,4
10158,4
11403,4
2264,4
2388,4
7235,4
9212,4
9223,4
10645,4
11381,4
11474,4
4813,4
5297,4
5712,4
8370,4
9377,4
11746,4
12361,4
3250,4
3822,4
4434,4
6489,4
6556,4
7557,4
9160,4
10992,4
13258,4
1567,4
1606,4
3881,4
4934,4
5293,4
5986,4
9243,4
9823,4
11629,4
13536,4
506,4
2005,4
7514,4
10609,4
11083,4
12377,4
14797,4
3556,4
4901,4
4920,4
5239,4
5703,4
6371,4
6868,4
6883,4
11233,4
2624,4
3917,4
7435,4
8343,4
8444,4
10274,4
11599,4
12911,4
1092,4
1557,4
1763,4
6049,4
6355,4
6530,4
7047,4
7469,4
8535,4
9136,4
10856,4
12412,4
294,4
5987,4
7356,4
7496,4
8097,4
9999,4
10250,4
10590,4
11338,4
12477,4
14091,4
118,4
722,4
1373,4
5208,4
9100,4
10386,4
5270,4
6151,4
9863,4
9990,4
11769,4
12498,4
14741,4
2883,4
3225,4
3520,4
9080,4
9428,4
10436,4
11795,4
12151,4
99,4
985,4
6123,4
7015,4
7018,4
8908,4
10219,4
12317,4
12590,4
4996,4
9112,4
10689,4
11963,4
12181,4
12372,4
12468,4
12945,4
1764,4
4730,4
5256,4
6611,4
7410,4
9266,4
10842,4
12809,4
46,4
2949,4
6169,4
8859,4
9496,4
12898,4
13609,4
7592,4
9438,4
10968,4
11080,4
13178,4
2456,4
10513,4
11797,4
12018,4
13640,4
2287,4
3156,4
5296,4
7904,4
8265,4
8382,4
9870,4
11255,4
13515,4
1891,4
2282,4
3055,4
3555,4
5863,4
10076,4
10546,4
11157,4
11813,4
1630,4
2340,4
5685,4
8362,4
10624,4
12438,4
1109,4
4602,4
11064,4
11093,4
11855,4
12121,4
12164,4
927,4
3705,4
5169,4
8433,4
8518,4
9453,4
12376,4
13404,4
13487,4
1292,4
1361,4
8918,4
12448,4
74,4
3729,4
4196,4
5034,4
12206,4
13613,4
1416,4
5809,4
6413,4
6485,4
6790,4
8831,4
11827,4
12476,4
5083,4
5107,4
8317,4
12437,4
5403,4
5848,4
6599,4
7885,4
7888,4
10691,4
12773,4
1387,4
2021,4
5289,4
6496,4
7762,4
8437,4
8559,4
10262,4
10857,4
12785,4
13817,4
14100,4
208,4
4618,4
5745,4
8282,4
11205,4
422,4
8054,4
11660,4
11817,4
12160,4
463,3
7340,3
11141,3
12046,3
13285,3
13289,3
623,3
1483,3
2235,3
5614,3
6393,3
8932,3
10121,3
10230,3
10462,3
14075,3
2711,3
3000,3
6266,3
13009,3
13483,3
13648,3
14714,3
15173,3
251,3
3796,3
3986,3
5223,3
7644,3
8109,3
8911,3
9946,3
11713,3
13916,3
458,3
2096,3
2833,3
2924,3
3425,3
6301,3
8665,3
9403,3
10815,3
13504,3
13795,3
14713,3
14752,3
14779,3
3042,3
6722,3
7567,3
13468,3
15070,3
15146,3
133,3
4799,3
5670,3
5929,3
8409,3
8534,3
8950,3
9338,3
11550,3
78,3
3577,3
6142,3
8627,3
10443,3
10558,3
12559,3
14760,3
2971,3
4126,3
4259,3
4725,3
6108,3
7817,3
12085,3
13528,3
1199,3
1743,3
3441,3
5298,3
11452,3
12008,3
13288,3
13494,3
1331,3
4452,3
4773,3
6754,3
8935,3
11121,3
13751,3
14064,3
530,3
6005,3
8011,3
11835,3
12494,3
12782,3
14715,3
6419,3
11106,3
11174,3
13903,3
13960,3
15130,3
3026,3
4169,3
5151,3
5785,3
8352,3
8654,3
8681,3
9416,3
11234,3
12447,3
436,3
1175,3
4443,3
5936,3
7599,3
9207,3
10011,3
10345,3
11103,3
11838,3
12030,3
13665,3
13775,3
14056,3
14367,3
14642,3
14776,3
15096,3
596,3
1415,3
2583,3
4829,3
6667,3
7501,3
9081,3
10680,3
11124,3
2682,3
5337,3
9434,3
12725,3
1307,3
2015,3
2094,3
5663,3
7237,3
9387,3
9909,3
12511,3
15071,3
76,3
723,3
4197,3
5642,3
5651,3
8247,3
10544,3
11170,3
11241,3
14644,3
1634,3
3811,3
8643,3
10228,3
12087,3
12271,3
13038,3
2189,3
4830,3
5024,3
5258,3
7895,3
8997,3
10210,3
12103,3
12504,3
14096,3
159,3
3783,3
7225,3
9716,3
11076,3
11165,3
11801,3
2371,3
2809,3
6949,3
7424,3
9378,3
11367,3
12895,3
13426,3
236,3
329,3
1873,3
2069,3
2198,3
3258,3
4240,3
5891,3
8022,3
8391,3
10800,3
11308,3
12023,3
12429,3
14317,3
2409,3
7786,3
7940,3
7945,3
8198,3
8570,3
1838,3
3037,3
3500,3
4446,3
8067,3
9235,3
11151,3
11423,3
12564,3
14669,3
417,3
6852,3
7106,3
7583,3
7856,3
8774,3
9915,3
10913,3
13431,3
1564,3
3711,3
8452,3
9226,3
9236,3
13297,3
1290,3
2237,3
8155,3
8773,3
13399,3
1249,3
4837,3
7446,3
9674,3
11531,3
12227,3
209,3
1295,3
1469,3
3200,3
7683,3
11342,3
11849,3
13228,3
14775,3
4521,3
5660,3
7033,3
7065,3
7081,3
7265,3
11135,3
12937,3
13746,3
6924,3
7284,3
8872,3
9878,3
10982,3
12777,3
15061,3
346,3
476,3
539,3
2757,3
4455,3
5524,3
5678,3
5786,3
7293,3
9138,3
10495,3
14730,3
654,3
2896,3
3222,3
3495,3
7758,3
8150,3
8498,3
11927,3
12583,3
12875,3
13229,3
13279,3
13318,3
13406,3
1207,3
3567,3
5640,3
6504,3
9702,3
12241,3
13015,3
1425,3
4498,3
4698,3
7203,3
10079,3
10236,3
10281,3
13267,3
13757,3
152,3
4733,3
7119,3
7875,3
10410,3
10664,3
11252,3
12513,3
14681,3
2045,3
4185,3
7691,3
11707,3
11764,3
2483,3
3095,3
5018,3
5285,3
7519,3
12045,3
12168,3
748,3
1170,3
1590,3
2796,3
7228,3
7749,3
11310,3
11805,3
14757,3
4428,3
5306,3
7570,3
11196,3
12042,3
12123,3
12828,3
12834,3
13397,3
13689,3
14020,3
3449,3
6234,3
10792,3
11023,3
11585,3
1172,3
1516,3
3452,3
7042,3
10666,3
1485,3
3060,3
3570,3
5791,3
5968,3
6318,3
6457,3
7078,3
8176,3
11271,3
12853,3
13887,3
1546,3
2603,3
3541,3
6227,3
6837,3
7769,3
9983,3
2698,3
3058,3
3210,3
4325,3
4680,3
4775,3
5114,3
6223,3
8531,3
10556,3
12025,3
13533,3
2059,3
4757,3
5144,3
5621,3
10639,3
10663,3
13424,3
13583,3
13702,3
13,3
1663,3
5193,3
7084,3
7857,3
9328,3
9907,3
10019,3
16,3
1100,3
2210,3
2281,3
5281,3
5398,3
6244,3
6755,3
7572,3
11947,3
13554,3
14003,3
168,3
5234,3
5382,3
6359,3
6694,3
7402,3
9298,3
9306,3
12644,3
3,3
1834,3
2877,3
4588,3
6826,3
10323,3
11347,3
11744,3
11845,3
12015,3
12409,3
12549,3
1934,3
5790,3
5862,3
6334,3
7436,3
9099,3
10247,3
12166,3
12356,3
12435,3
12481,3
12955,3
13581,3
164,3
470,3
7034,3
7791,3
7852,3
8666,3
9411,3
9698,3
11138,3
11722,3
13384,3
13574,3
13586,3
15114,3
4905,3
10877,3
11484,3
13597,3
13670,3
2808,3
3539,3
4352,3
5444,3
6961,3
8032,3
8761,3
11470,3
11549,3
13260,3
881,3
4639,3
6161,3
7070,3
9737,3
11357,3
12651,3
14657,3
14793,3
402,3
4504,3
4615,3
5817,3
5937,3
8453,3
8975,3
9273,3
9414,3
11580,3
11956,3
12562,3
13982,3
2343,3
2885,3
5324,3
6002,3
6779,3
8807,3
9272,3
10838,3
11297,3
11718,3
13094,3
13737,3
5274,3
11504,3
1069,3
1355,3
6302,3
8416,3
9896,3
3810,3
3856,3
4928,3
7090,3
10388,3
11364,3
12929,3
13616,3
14662,3
491,3
4425,3
10571,3
10698,3
14716,3
2646,3
5638,3
10265,3
11206,3
11390,3
13050,3
2535,3
8321,3
9903,3
11108,3
11139,3
12598,3
15115,3
1835,3
6751,3
8311,3
9349,3
9953,3
1407,3
6098,3
6386,3
7223,3
11232,3
11242,3
279,3
1010,3
3552,3
4703,3
5057,3
6710,3
7757,3
8829,3
8876,3
10190,3
11631,3
12538,3
12613,3
1748,3
3150,3
4528,3
5826,3
5940,3
8491,3
9060,3
11462,3
12495,3
19,3
1856,3
4608,3
7096,3
7248,3
8477,3
8760,3
9140,3
9301,3
10517,3
11412,3
11990,3
542,3
1541,3
1807,3
2903,3
2994,3
6057,3
6401,3
7215,3
8558,3
8686,3
9537,3
10282,3
11283,3
11740,3
13711,3
14724,3
1227,3
2836,3
4405,3
6581,3
7815,3
9841,3
10363,3
10459,3
11002,3
15049,3
4419,3
7891,3
11518,3
579,3
1222,3
6406,3
7465,3
11865,3
13418,3
598,3
1166,3
2286,3
13792,3
14725,3
3574,3
5291,3
10292,3
9352,3
10220,3
12357,3
845,3
1136,3
1861,3
6646,3
6748,3
11875,3
12446,3
929,3
3824,3
5474,3
5576,3
5675,3
6329,3
7628,3
8865,3
9325,3
11132,3
11411,3
14217,3
14680,3
112,3
1750,3
4448,3
6279,3
6582,3
8569,3
9423,3
9832,3
12196,3
13886,3
563,3
849,3
2494,3
2794,3
3517,3
8996,3
9350,3
9643,3
9753,3
11082,3
13800,3
14135,3
2764,3
3074,3
4595,3
5088,3
8840,3
11682,3
13558,3
8221,3
10618,3
11188,3
11191,3
12544,3
13748,3
862,3
6780,3
7022,3
11536,3
13687,3
14791,3
37,3
3280,3
5146,3
6105,3
9269,3
10225,3
12585,3
14042,3
14751,3
819,3
4518,3
5252,3
5618,3
9295,3
13732,3
14014,3
4808,3
7614,3
7907,3
8715,3
9958,3
10472,3
10526,3
10647,3
10906,3
14780,3
1271,3
3797,3
5397,3
7423,3
7648,3
12918,3
12987,3
13499,3
13700,3
13857,3
14125,3
14659,3
14782,3
15176,3
3981,3
6797,3
6901,3
11153,3
12463,3
2141,3
2654,3
4812,3
6873,3
7546,3
10003,3
11068,3
11821,3
12759,3
14684,3
14708,3
1720,3
2770,3
4633,3
5715,3
6217,3
7095,3
10300,3
538,3
2048,3
4480,3
4571,3
5750,3
6768,3
13672,3
14702,3
14747,3
2089,3
6463,3
6561,3
8075,3
9216,3
10201,3
11689,3
12079,3
13591,3
13719,3
175,3
8756,3
12242,3
13435,3
850,3
3433,3
3606,3
3897,3
4578,3
5659,3
5778,3
6190,3
7370,3
8443,3
583,3
1589,3
1881,3
5052,3
5749,3
6340,3
9764,3
13012,3
13667,3
14072,3
14719,3
14736,3
2356,3
7352,3
8842,3
9943,3
10489,3
10534,3
11706,3
13450,3
838,3
2584,3
4840,3
5271,3
5558,3
5704,3
6793,3
7686,3
10259,3
10911,3
10956,3
11127,3
2369,3
5531,3
7051,3
10625,3
14068,3
14646,3
14665,3
14690,3
884,3
3423,3
5029,3
6309,3
7388,3
7596,3
9467,3
11164,3
12786,3
307,3
2081,3
3326,3
9107,3
9192,3
11058,3
11190,3
2872,3
6462,3
8272,3
8425,3
8868,3
8940,3
9582,3
15042,3
15167,3
1318,3
7876,3
10850,3
13881,3
2424,3
4160,3
9848,3
13826,3
555,3
1279,3
2163,3
7804,3
8971,3
11178,3
13806,3
13860,3
14734,3
39,3
2854,3
8122,3
8805,3
9728,3
12153,3
12488,3
14796,3
176,3
1116,3
4334,3
5076,3
7011,3
7487,3
8984,3
11145,3
11856,3
14097,3
7,3
162,3
514,3
2832,3
9831,3
11038,3
12251,3
6224,3
6421,3
7199,3
7921,3
8454,3
13710,3
14601,3
14778,3
84,3
1601,3
2865,3
4192,3
7292,3
7378,3
7483,3
8324,3
13610,3
14792,3
3158,3
7461,3
8970,3
11724,3
11776,3
3765,3
5472,3
11129,3
12029,3
14186,3
14739,3
2188,3
4163,3
8061,3
8792,3
14057,3
4821,3
9037,3
10868,3
11115,3
11449,3
12343,3
12758,3
13656,3
14748,3
2434,3
2863,3
7334,3
8049,3
69,3
1463,3
1910,3
4997,3
6895,3
11692,3
12887,3
543,3
3202,3
3430,3
5063,3
6265,3
7054,3
7639,3
8607,3
11389,3
11506,3
12942,3
13096,3
13396,3
2827,3
3656,3
7805,3
9502,3
11281,3
11822,3
14661,3
2919,3
3537,3
5563,3
6231,3
12246,3
12334,3
13062,3
14631,3
63,3
2850,3
6510,3
7438,3
8066,3
12505,3
13479,3
1104,3
4599,3
4894,3
5089,3
5677,3
7302,3
10103,3
11635,3
13090,3
13218,3
13561,3
14651,3
1625,3
2129,3
6821,3
7467,3
7690,3
9883,3
10405,3
10902,3
13750,3
13956,3
14761,3
1443,3
2120,3
6411,3
12176,3
12890,3
13626,3
1765,3
2397,3
2641,3
3031,3
5174,3
7440,3
7681,3
8783,3
10149,3
12302,3
12596,3
14629,3
518,3
1414,3
4605,3
6669,3
10202,3
11254,3
13475,3
404,3
527,3
5776,3
8802,3
8914,3
9201,3
10176,3
11200,3
11602,3
13741,3
14012,3
3190,3
4491,3
5557,3
5641,3
7954,3
10408,3
11420,3
11605,3
12093,3
12874,3
2553,3
2986,3
4442,3
5832,3
9213,3
11163,3
12092,3
13080,3
13770,3
14673,3
15179,3
38,3
2679,3
7958,3
9962,3
12716,3
12963,3
13513,3
14704,3
1760,3
11725,3
1705,3
2958,3
3354,3
4228,3
5366,3
6353,3
10361,3
12036,3
12138,3
12417,3
12997,3
14754,3
14763,3
2980,3
4790,3
7316,3
8561,3
11118,3
11576,3
13113,3
591,3
2114,3
3217,3
3318,3
3351,3
5221,3
6587,3
6593,3
9635,3
12218,3
895,3
1492,3
3508,3
5323,3
5794,3
14636,3
7452,3
9214,3
9911,3
10125,3
10355,3
818,3
4413,3
5629,3
8056,3
11349,3
12283,3
13274,3
2260,3
2846,3
3437,3
5128,3
5273,3
6287,3
6644,3
11008,3
4654,3
8331,3
9899,3
10474,3
11495,3
156,3
2812,3
5197,3
6973,3
7201,3
8725,3
9506,3
10279,3
13937,3
14390,3
143,3
1336,3
1610,3
2820,3
3564,3
3828,3
4705,3
9682,3
10404,3
7826,3
9085,3
11104,3
13666,3
3136,3
3848,3
4499,3
5888,3
8817,3
9975,3
10763,3
11384,3
12009,3
12049,3
464,3
6377,3
9003,3
9248,3
11216,3
11329,3
12858,3
5822,3
7061,3
7276,3
7405,3
8026,3
9200,3
11366,3
13246,3
550,3
1552,3
1648,3
7024,3
8060,3
8676,3
9407,3
11169,3
12396,3
13777,3
1179,3
2300,3
2449,3
3063,3
9590,3
14374,3
1131,3
1140,3
1185,3
1450,3
6569,3
7219,3
9219,3
11976,3
13866,3
1792,3
4699,3
5241,3
5784,3
5974,3
8182,3
8734,3
12872,3
790,3
4619,3
8041,3
9337,3
9917,3
12969,3
990,3
1284,3
2132,3
3521,3
3945,3
4392,3
7067,3
8310,3
8858,3
10139,3
12017,3
12033,3
12730,3
14767,3
3525,3
4050,3
4835,3
6259,3
8236,3
11161,3
11516,3
12618,3
14756,3
5783,3
7878,3
11970,3
13184,3
13608,3
14626,3
2317,3
2421,3
9802,3
10504,3
11277,3
11505,3
12294,3
5068,3
6274,3
7003,3
7079,3
9557,3
10332,3
11726,3
12642,3
13266,3
13385,3
13532,3
13550,3
13747,3
1440,3
4834,3
6296,3
8600,3
11538,3
12272,3
13567,3
14772,3
488,3
1707,3
2562,3
2978,3
3487,3
3614,3
7413,3
9170,3
9633,3
10593,3
12096,3
12499,3
13332,3
13383,3
4411,3
7702,3
9260,3
10055,3
12668,3
1623,3
2506,3
6062,3
7619,3
9965,3
13490,3
3559,3
12427,3
5263,3
6928,3
8301,3
9022,3
13402,3
6298,3
7421,3
7695,3
7939,3
12405,3
12685,3
13506,3
14026,3
14639,3
14727,3
105,3
1553,3
1744,3
2103,3
7339,3
7412,3
9658,3
11739,3
11842,3
12900,3
14256,3
14795,3
837,3
1880,3
2126,3
4328,3
5236,3
5349,3
6038,3
7277,3
8623,3
9593,3
9785,3
11348,3
11540,3
12588,3
13495,3
872,3
3428,3
5244,3
8179,3
9762,3
11463,3
14614,3
6186,3
11217,3
11721,3
12016,3
12920,3
68,3
106,3
567,3
2360,3
2474,3
2917,3
7960,3
11738,3
12826,3
12886,3
561,3
2028,3
4183,3
10499,3
10775,3
10922,3
11802,3
7021,3
8934,3
9289,3
9961,3
9976,3
12202,3
13393,3
10258,3
3623,3
4800,3
8586,3
9218,3
11591,3
11799,3
13039,3
13535,3
13617,3
123,3
342,3
454,3
832,3
971,3
1018,3
2179,3
6260,3
6955,3
7708,3
10222,3
10738,3
11109,3
11733,3
14762,3
2416,3
3535,3
7315,3
7839,3
9797,3
10659,3
14053,3
14691,3
14738,3
3946,3
8813,3
10335,3
11053,3
13304,3
13587,3
14749,3
466,3
566,3
2493,3
7471,3
9772,3
12038,3
12619,3
14759,3
765,3
5820,3
6603,3
9398,3
9796,3
12584,3
13603,3
13771,3
13973,3
15180,3
1761,3
2419,3
4883,3
5228,3
5512,3
8168,3
10102,3
12572,3
5115,3
7056,3
7916,3
8582,3
9986,3
357,3
2144,3
3732,3
5617,3
6596,3
7577,3
8942,3
9541,3
10298,3
10999,3
11392,3
12521,3
573,3
4128,3
5535,3
6269,3
11345,3
13280,3
13760,3
7863,3
9220,3
13259,3
13639,3
1402,3
2461,3
3960,3
6297,3
6704,3
9808,3
10547,3
13520,3
1805,3
5294,3
6130,3
9032,3
10429,3
11172,3
13400,3
1090,3
2566,3
5326,3
8077,3
11160,3
13754,3
5041,3
5537,3
7464,3
8000,3
10307,3
14692,3
5242,3
9889,3
11131,3
13273,3
14728,3
1534,3
1870,3
2008,3
3939,3
4039,3
5413,3
12599,3
616,3
2621,3
6546,3
6673,3
7905,3
8148,3
9124,3
9304,3
9865,3
10038,3
13604,3
15090,3
5134,3
5170,3
6427,3
8955,3
10693,3
14009,3
1776,3
2381,3
5616,3
6828,3
9897,3
12413,3
13445,3
14650,3
1862,3
3221,3
5753,3
6233,3
8275,3
15193,3
144,3
2295,3
3949,3
6058,3
6424,3
6916,3
8974,3
11128,3
11899,3
12255,3
13835,3
14707,3
1174,3
2830,3
3853,3
8897,3
9437,3
11864,3
12314,3
12982,3
13813,3
14693,3
14769,3
15056,3
1768,3
2066,3
5908,3
6735,3
7390,3
9129,3
9199,3
11499,3
12177,3
13612,3
2377,3
7443,3
9851,3
11150,3
13284,3
13480,3
104,3
656,3
2118,3
2140,3
6544,3
8394,3
9799,3
12701,3
13642,3
13736,3
14325,3
1857,3
4367,3
6025,3
10488,3
10936,3
12793,3
12912,3
788,3
2643,3
2730,3
5833,3
6799,3
8345,3
13262,3
3696,3
7040,3
7385,3
11246,3
3568,3
8543,3
10110,3
11122,3
11860,3
11969,3
13420,3
14712,3
14787,3
3053,3
3668,3
3836,3
4585,3
5125,3
5391,3
5806,3
6078,3
6477,3
6490,3
11292,3
13100,3
14744,3
1959,2
2366,2
2659,2
5300,2
6466,2
6654,2
7880,2
7993,2
8086,2
9852,2
9900,2
11317,2
11458,2
12027,2
11710,2
13622,2
14465,2
14514,2
14536,2
3704,2
3761,2
6559,2
11639,2
11800,2
13601,2
15207,2
2748,2
4186,2
4937,2
6598,2
10745,2
10768,2
11146,2
65,2
3834,2
7152,2
9153,2
10527,2
10567,2
11520,2
12607,2
13765,2
5527,2
7109,2
9344,2
9575,2
12694,2
4859,2
5061,2
6376,2
6557,2
7206,2
7736,2
9475,2
10013,2
14030,2
4697,2
9731,2
9925,2
11024,2
11894,2
12723,2
15157,2
15161,2
15348,2
7169,2
10303,2
14058,2
4762,2
4923,2
7092,2
7132,2
11609,2
11642,2
12007,2
13516,2
14658,2
15191,2
2739,2
3843,2
8423,2
9492,2
642,2
1924,2
6124,2
6204,2
7587,2
9641,2
12566,2
12755,2
1745,2
8442,2
8776,2
12127,2
13220,2
14501,2
1259,2
1869,2
5452,2
7048,2
11286,2
11541,2
11672,2
13054,2
14554,2
14558,2
1441,2
1496,2
4958,2
7522,2
7935,2
9450,2
10254,2
11237,2
11558,2
12077,2
1621,2
2355,2
10580,2
13104,2
13166,2
13676,2
4107,2
4848,2
8008,2
8915,2
9113,2
11125,2
12117,2
12191,2
12711,2
15138,2
15332,2
1708,2
6288,2
10020,2
10177,2
12705,2
13946,2
667,2
1480,2
4256,2
5562,2
7351,2
12601,2
26,2
27,2
626,2
1235,2
6473,2
11133,2
14266,2
2047,2
3072,2
8053,2
10063,2
10881,2
11258,2
11426,2
11547,2
11777,2
12659,2
12662,2
12731,2
14375,2
15345,2
1135,2
1875,2
3922,2
7290,2
7732,2
7901,2
8815,2
9038,2
11374,2
12882,2
13401,2
13713,2
4547,2
8568,2
11604,2
12067,2
12509,2
12709,2
460,2
3456,2
4368,2
5142,2
6110,2
6128,2
8899,2
9254,2
11543,2
12293,2
15111,2
12,2
3207,2
7928,2
8184,2
9297,2
11736,2
11950,2
12761,2
14523,2
14587,2
2006,2
2680,2
4033,2
6671,2
7055,2
8287,2
8723,2
8828,2
9741,2
9825,2
12722,2
4873,2
6440,2
12489,2
13248,2
15357,2
1978,2
6650,2
12708,2
13488,2
14531,2
15053,2
1457,2
2961,2
3450,2
10600,2
12713,2
12744,2
14364,2
14588,2
14606,2
1804,2
3673,2
7216,2
10006,2
11117,2
15364,2
5213,2
5320,2
8486,2
9592,2
10084,2
10671,2
12797,2
13132,2
14051,2
14112,2
1176,2
7058,2
7847,2
8264,2
11226,2
13275,2
14013,2
15163,2
15206,2
3884,2
4727,2
12165,2
12921,2
13000,2
725,2
1061,2
11159,2
12749,2
13895,2
14088,2
1785,2
2607,2
5655,2
8166,2
10269,2
10648,2
13661,2
1939,2
2823,2
7171,2
13257,2
13829,2
14089,2
14291,2
1899,2
4507,2
5335,2
9116,2
10889,2
12034,2
13024,2
13698,2
14591,2
4327,2
5593,2
6139,2
6536,2
8207,2
10903,2
11289,2
11882,2
13489,2
13783,2
14717,2
185,2
353,2
5129,2
10518,2
10589,2
14648,2
14706,2
15339,2
15393,2
2219,2
7607,2
7642,2
10311,2
11330,2
11397,2
12391,2
13085,2
14580,2
14596,2
14628,2
5245,2
5315,2
6618,2
9603,2
10932,2
3927,2
4111,2
4174,2
7221,2
12125,2
13168,2
13518,2
15002,2
4842,2
10348,2
11382,2
12044,2
12259,2
14600,2
2296,2
3125,2
4311,2
6230,2
6313,2
6387,2
8637,2
11168,2
12186,2
12671,2
13316,2
13596,2
13743,2
297,2
777,2
6221,2
7468,2
8205,2
14144,2
15076,2
2637,2
5599,2
10540,2
11573,2
11773,2
12054,2
12638,2
13428,2
2989,2
4093,2
5000,2
5077,2
5588,2
8449,2
10136,2
10948,2
12075,2
12461,2
14338,2
4936,2
5649,2
9158,2
10155,2
11921,2
14547,2
3786,2
7615,2
8043,2
8144,2
8537,2
9719,2
13469,2
13690,2
13801,2
14542,2
15044,2
11306,2
13659,2
13674,2
15151,2
15171,2
1952,2
10505,2
12066,2
12871,2
13154,2
13545,2
14408,2
15280,2
1380,2
1749,2
4806,2
5357,2
6219,2
7564,2
9176,2
14735,2
2852,2
3893,2
5381,2
5871,2
7824,2
9570,2
10138,2
13459,2
13959,2
1275,2
2577,2
3314,2
3667,2
3983,2
4094,2
4681,2
4729,2
7208,2
12863,2
13073,2
13768,2
14156,2
1349,2
5818,2
9923,2
13239,2
2736,2
2880,2
3419,2
4644,2
5338,2
5461,2
5485,2
5577,2
6275,2
7046,2
7178,2
9090,2
11264,2
11873,2
12107,2
12919,2
13047,2
13633,2
14675,2
15311,2
3625,2
5373,2
6172,2
8680,2
12026,2
12081,2
13652,2
14025,2
14510,2
4074,2
5206,2
5591,2
7981,2
9813,2
13650,2
14004,2
14799,2
3489,2
7669,2
10260,2
10579,2
12012,2
12821,2
13271,2
14524,2
14533,2
3613,2
5541,2
7177,2
8274,2
10582,2
11181,2
12104,2
306,2
3996,2
5507,2
6472,2
6738,2
6846,2
7739,2
8611,2
9241,2
9614,2
13345,2
13688,2
13722,2
14548,2
1781,2
2779,2
6216,2
7952,2
9008,2
11648,2
12134,2
12956,2
1847,2
2618,2
5039,2
5103,2
6403,2
12037,2
13057,2
13460,2
14541,2
96,2
776,2
6520,2
8440,2
8481,2
9047,2
9844,2
10171,2
12140,2
13065,2
13485,2
3458,2
3683,2
5036,2
6436,2
8455,2
10977,2
11771,2
12257,2
12830,2
13256,2
13287,2
13443,2
13629,2
14225,2
6676,2
7157,2
10846,2
11039,2
11116,2
12290,2
13452,2
13493,2
13884,2
268,2
1711,2
4244,2
8601,2
12702,2
13291,2
14645,2
15038,2
15400,2
1806,2
5625,2
7158,2
10074,2
12423,2
12457,2
13076,2
14586,2
15327,2
2630,2
3750,2
4506,2
5360,2
8340,2
9655,2
11703,2
13016,2
2950,2
3138,2
3457,2
4390,2
8124,2
10524,2
10828,2
11320,2
11560,2
13146,2
13919,2
14209,2
15394,2
2218,2
4381,2
4961,2
7651,2
8648,2
9012,2
11344,2
12108,2
12331,2
12630,2
12679,2
13008,2
13703,2
15110,2
15374,2
7566,2
7664,2
7715,2
12836,2
13250,2
14499,2
14584,2
1497,2
1751,2
6379,2
13577,2
13707,2
1478,2
6103,2
9469,2
9814,2
14671,2
4374,2
6185,2
6351,2
7933,2
13381,2
13677,2
15196,2
4006,2
5428,2
6798,2
8620,2
12307,2
13615,2
13767,2
2810,2
2847,2
3256,2
4902,2
6562,2
7097,2
9948,2
9982,2
10426,2
11343,2
12120,2
13210,2
5870,2
6179,2
7249,2
7383,2
8002,2
8244,2
9203,2
11184,2
12147,2
12706,2
15336,2
2741,2
4145,2
7957,2
11568,2
13681,2
14037,2
14207,2
14610,2
15183,2
1793,2
5861,2
6195,2
7541,2
10026,2
10109,2
10606,2
12065,2
12161,2
13200,2
14578,2
15023,2
3766,2
4885,2
5316,2
5329,2
6514,2
7365,2
9528,2
12525,2
12959,2
1091,2
1901,2
3262,2
4847,2
8605,2
11650,2
12109,2
12738,2
14516,2
15174,2
4238,2
6381,2
9204,2
10106,2
10942,2
12986,2
13118,2
179,2
1527,2
3723,2
3832,2
6770,2
7012,2
12028,2
13028,2
13108,2
13486,2
14788,2
2703,2
3717,2
4999,2
5851,2
7621,2
10291,2
12364,2
14505,2
502,2
5288,2
11177,2
12174,2
12265,2
12665,2
14067,2
197,2
531,2
1725,2
5598,2
6392,2
8713,2
9845,2
10964,2
13091,2
1216,2
3697,2
4545,2
6358,2
6631,2
9447,2
12234,2
13190,2
13678,2
13728,2
619,2
8883,2
9425,2
9807,2
10669,2
13048,2
13433,2
13824,2
15350,2
1123,2
2805,2
6709,2
8632,2
9452,2
9458,2
12615,2
3051,2
4589,2
5348,2
8087,2
8104,2
11385,2
11761,2
13153,2
15343,2
2688,2
10163,2
10200,2
10246,2
13804,2
6291,2
13940,2
1159,2
8447,2
9224,2
9299,2
11110,2
11780,2
13078,2
14605,2
1118,2
1161,2
7299,2
7688,2
7781,2
10637,2
15317,2
1519,2
1815,2
4343,2
4736,2
5264,2
6354,2
7031,2
10119,2
10141,2
10733,2
11301,2
12379,2
12518,2
12696,2
13551,2
14512,2
1932,2
2304,2
3854,2
5032,2
12655,2
13370,2
13740,2
14520,2
14607,2
15154,2
15156,2
15178,2
310,2
6360,2
6429,2
6539,2
7973,2
9417,2
9477,2
12736,2
834,2
5317,2
6156,2
6433,2
7130,2
7689,2
12110,2
12621,2
13686,2
14573,2
15308,2
3647,2
3710,2
5856,2
6405,2
6657,2
10765,2
326,2
4290,2
5600,2
5840,2
6685,2
11428,2
14260,2
220,2
5825,2
6564,2
6771,2
7984,2
8079,2
8565,2
9967,2
10930,2
12663,2
12772,2
12838,2
3170,2
3229,2
4573,2
5049,2
6348,2
7360,2
7750,2
12086,2
12198,2
13283,2
8,2
6026,2
8309,2
9806,2
11222,2
12595,2
12606,2
14048,2
14635,2
14794,2
1385,2
7574,2
11372,2
11523,2
11818,2
13474,2
14683,2
15131,2
981,2
8820,2
10879,2
14602,2
14678,2
15079,2
1754,2
3756,2
4252,2
4369,2
7947,2
7966,2
13074,2
13135,2
13662,2
14253,2
14695,2
549,2
2034,2
7377,2
7819,2
8154,2
8583,2
12059,2
12703,2
13729,2
13952,2
14539,2
2070,2
2677,2
7985,2
8081,2
10656,2
10673,2
11836,2
12252,2
12676,2
13286,2
3496,2
3628,2
10723,2
12464,2
12568,2
13025,2
14076,2
14682,2
691,2
6312,2
6859,2
9023,2
10781,2
13646,2
15120,2
1596,2
1757,2
5014,2
6713,2
8170,2
10634,2
1195,2
7146,2
7978,2
8675,2
9211,2
10563,2
12625,2
15142,2
51,2
2884,2
2921,2
3803,2
4804,2
10896,2
12927,2
13457,2
13705,2
14187,2
3714,2
5400,2
7052,2
8530,2
11031,2
13064,2
13151,2
3469,2
6211,2
6448,2
6788,2
6925,2
8356,2
11375,2
11670,2
15166,2
15396,2
2394,2
2585,2
5536,2
6214,2
6470,2
8528,2
10105,2
12690,2
13011,2
15375,2
1690,2
1965,2
3715,2
5523,2
6724,2
8334,2
8469,2
8549,2
9262,2
10677,2
11288,2
13234,2
13715,2
14566,2
15185,2
1985,2
2800,2
6856,2
8550,2
9882,2
12415,2
13709,2
15140,2
635,2
4206,2
9979,2
11654,2
11967,2
12150,2
12645,2
13367,2
14509,2
15392,2
1926,2
4140,2
5407,2
8626,2
10522,2
11618,2
12178,2
14503,2
1094,2
3386,2
6200,2
6728,2
9880,2
12433,2
14653,2
15030,2
15373,2
1098,2
1921,2
2230,2
5506,2
5559,2
6272,2
8366,2
8522,2
9639,2
11507,2
12689,2
13086,2
14623,2
15381,2
7100,2
7125,2
7536,2
12450,2
12710,2
14203,2
14559,2
14663,2
1660,2
4890,2
5305,2
6517,2
7320,2
7932,2
9401,2
12790,2
13632,2
14604,2
267,2
2671,2
4759,2
6144,2
7183,2
8379,2
13590,2
2309,2
3014,2
4959,2
5839,2
9448,2
10787,2
12560,2
14492,2
14581,2
1039,2
1110,2
4579,2
8580,2
9526,2
14303,2
261,2
2737,2
6225,2
9172,2
10782,2
11816,2
12760,2
12783,2
14169,2
1671,2
4100,2
4225,2
6034,2
6320,2
7305,2
7534,2
12958,2
13059,2
13419,2
14373,2
1049,2
3478,2
4103,2
5262,2
11628,2
13222,2
14226,2
14521,2
8694,2
12714,2
12778,2
13664,2
14441,2
15124,2
15168,2
15306,2
2270,2
5108,2
7027,2
8070,2
11387,2
12774,2
15165,2
3719,2
5849,2
8913,2
9020,2
9375,2
10233,2
11574,2
12133,2
14519,2
14633,2
1213,2
2899,2
4048,2
5415,2
8018,2
11318,2
11720,2
13484,2
13727,2
4819,2
5893,2
6263,2
7698,2
8129,2
8459,2
11051,2
12048,2
12124,2
12470,2
1003,2
3842,2
7049,2
8819,2
11351,2
11386,2
11772,2
12902,2
13502,2
13697,2
14563,2
14765,2
396,2
1799,2
1907,2
1912,2
4250,2
7263,2
8118,2
8508,2
10696,2
13929,2
15310,2
3391,2
3591,2
4471,2
6806,2
9546,2
12684,2
13444,2
14459,2
14677,2
4708,2
5224,2
7252,2
7751,2
8064,2
9251,2
9534,2
9835,2
11551,2
13252,2
13631,2
14412,2
14590,2
1784,2
2217,2
4887,2
6290,2
11582,2
11653,2
13131,2
14446,2
14498,2
14562,2
15181,2
29,2
390,2
2948,2
8028,2
8878,2
9257,2
10603,2
12741,2
526,2
3189,2
4098,2
4878,2
5475,2
9183,2
11167,2
12180,2
12784,2
13831,2
15136,2
653,2
5290,2
6461,2
7322,2
7675,2
7738,2
12280,2
12739,2
13079,2
13559,2
13865,2
3878,2
7075,2
12789,2
1239,2
3775,2
8567,2
10542,2
10974,2
11319,2
12646,2
13463,2
13762,2
13769,2
13787,2
15335,2
678,2
2615,2
4723,2
7936,2
7988,2
9530,2
11433,2
14515,2
14544,2
1188,2
4501,2
4908,2
9210,2
13245,2
15036,2
1593,2
3767,2
8636,2
1995,2
3009,2
4005,2
4114,2
5384,2
7871,2
9892,2
11663,2
11848,2
13537,2
14549,2
14667,2
1931,2
2098,2
3684,2
3804,2
5091,2
5202,2
6417,2
6586,2
7525,2
9747,2
10164,2
12699,2
12781,2
13033,2
14595,2
630,2
9952,2
12099,2
12792,2
13446,2
15182,2
1515,2
2806,2
3082,2
3781,2
6183,2
6383,2
7687,2
8100,2
8487,2
9542,2
12247,2
13142,2
14599,2
151,2
1579,2
4558,2
6791,2
9339,2
10041,2
10577,2
10608,2
11055,2
11220,2
12718,2
13796,2
14612,2
14758,2
15341,2
1577,2
1909,2
2670,2
3143,2
3915,2
4081,2
6341,2
7337,2
13167,2
13692,2
14560,2
5248,2
8162,2
8670,2
10519,2
11313,2
11337,2
13227,2
13593,2
1980,2
2283,2
4750,2
5550,2
5889,2
6253,2
11009,2
11533,2
13410,2
13448,2
13649,2
1854,2
3879,2
4298,2
8816,2
9093,2
13673,2
15155,2
303,2
426,2
1105,2
4049,2
7357,2
7622,2
8192,2
9284,2
12721,2
13309,2
13534,2
702,2
5687,2
8346,2
11087,2
11619,2
12636,2
13002,2
14545,2
668,2
1758,2
8493,2
10575,2
11339,2
11457,2
11575,2
14664,2
5570,2
7588,2
9681,2
10588,2
11570,2
12094,2
14142,2
2632,2
3736,2
5666,2
6742,2
9011,2
12683,2
1852,2
2058,2
7386,2
8560,2
8850,2
11621,2
12647,2
13725,2
14168,2
413,2
7113,2
8071,2
8853,2
11185,2
11195,2
11596,2
12658,2
13138,2
13742,2
14200,2
4096,2
6094,2
6785,2
10717,2
12274,2
12528,2
13538,2
14537,2
3630,2
4372,2
5607,2
6119,2
7063,2
10273,2
11634,2
11731,2
12833,2
13353,2
13660,2
1224,2
4375,2
10151,2
10543,2
10981,2
12465,2
12866,2
13519,2
14517,2
14698,2
15316,2
14,2
600,2
1672,2
1680,2
7287,2
8538,2
9484,2
11768,2
13585,2
15137,2
15271,2
1285,2
6661,2
7091,2
10707,2
11425,2
11887,2
373,2
6192,2
7050,2
7929,2
8938,2
11460,2
13699,2
14024,2
15328,2
1983,2
4863,2
6174,2
9308,2
9485,2
11336,2
12091,2
13021,2
2762,2
3355,2
4302,2
7256,2
8575,2
9149,2
10695,2
11325,2
11877,2
13491,2
14789,2
15147,2
15272,2
909,2
1141,2
3103,2
3160,2
6395,2
7016,2
9803,2
10047,2
11097,2
11857,2
13970,2
14090,2
201,2
4906,2
6196,2
9104,2
11112,2
13005,2
13031,2
13293,2
14481,2
1935,2
3130,2
4532,2
4833,2
6316,2
6330,2
6502,2
9261,2
10491,2
15144,2
15148,2
1839,2
2593,2
3984,2
7045,2
8991,2
9424,2
10924,2
14007,2
14401,2
15318,2
1187,2
4622,2
4836,2
6842,2
12554,2
12603,2
15037,2
1885,2
2348,2
3617,2
4422,2
5078,2
5493,2
7025,2
7965,2
10160,2
11075,2
12503,2
14742,2
1193,2
2661,2
3585,2
3951,2
8891,2
10598,2
11614,2
11705,2
14632,2
14721,2
3110,2
11789,2
13555,2
13653,2
14622,2
14790,2
30,2
5646,2
11219,2
14261,2
14773,2
15177,2
4064,2
4289,2
8812,2
9503,2
10688,2
11302,2
12223,2
13037,2
13202,2
14670,2
15170,2
6727,2
7137,2
9694,2
13582,2
4974,2
11702,2
11891,2
535,2
1851,2
6423,2
7893,2
7991,2
8377,2
10120,2
10636,2
11197,2
12402,2
12527,2
12855,2
15376,2
964,2
4207,2
4265,2
4596,2
9869,2
11078,2
13363,2
14766,2
1584,2
3605,2
5517,2
6373,2
6871,2
13084,2
1054,2
1948,2
6699,2
7224,2
11643,2
12733,2
13539,2
2815,2
3838,2
12502,2
13243,2
14118,2
4986,2
5622,2
9788,2
12754,2
13611,2
15248,2
7255,2
7399,2
7760,2
10399,2
14668,2
14732,2
1741,2
1929,2
3769,2
3831,2
5831,2
6118,2
9250,2
14593,2
1713,2
5582,2
5673,2
7729,2
7927,2
8319,2
8603,2
9208,2
10642,2
2265,2
5565,2
8278,2
8439,2
10678,2
4797,2
6131,2
8096,2
9673,2
13798,2
14611,2
2733,2
7129,2
9843,2
10878,2
13679,2
14479,2
617,2
4232,2
6117,2
6794,2
8527,2
11831,2
1217,2
1277,2
2086,2
2558,2
3712,2
3778,2
8414,2
10064,2
10941,2
12205,2
12407,2
12422,2
3406,2
3825,2
4173,2
5581,2
6638,2
7999,2
10725,2
12285,2
496,1
2866,1
4519,1
4935,1
6397,1
7982,1
8638,1
10623,1
11748,1
14570,1
858,1
1127,1
1395,1
2999,1
12471,1
2393,1
3213,1
3352,1
5173,1
6482,1
12139,1
13060,1
13875,1
13910,1
15162,1
808,1
9071,1
11630,1
12292,1
13188,1
13508,1
15382,1
2622,1
3377,1
6500,1
6934,1
9647,1
13225,1
13923,1
14660,1
4477,1
5110,1
12264,1
3062,1
5140,1
8612,1
8640,1
10611,1
11287,1
12260,1
13313,1
6378,1
7912,1
10532,1
12118,1
12344,1
12757,1
14532,1
4119,1
8628,1
9488,1
12523,1
13214,1
15164,1
976,1
9730,1
11589,1
12336,1
13003,1
13046,1
13172,1
13915,1
13967,1
2606,1
7359,1
10715,1
13720,1
13994,1
34,1
6639,1
11333,1
11346,1
12179,1
13170,1
2771,1
2907,1
7173,1
11708,1
14101,1
15116,1
3008,1
3313,1
5254,1
8325,1
10272,1
10587,1
11912,1
13027,1
13109,1
13726,1
13904,1
14525,1
15398,1
3841,1
8478,1
12055,1
2044,1
4155,1
4826,1
8090,1
8395,1
8500,1
12453,1
12548,1
13371,1
13415,1
13738,1
13836,1
13873,1
14647,1
15105,1
842,1
5188,1
6476,1
8809,1
12102,1
13052,1
13139,1
14496,1
9029,1
12597,1
12926,1
15132,1
15370,1
3013,1
5040,1
8417,1
12187,1
12575,1
13051,1
14783,1
2023,1
7116,1
8864,1
9120,1
11638,1
12329,1
13409,1
13497,1
13524,1
13992,1
15203,1
3387,1
10732,1
12951,1
13730,1
14337,1
15363,1
2738,1
3069,1
5214,1
6391,1
6491,1
6988,1
7250,1
9787,1
9842,1
12347,1
13811,1
14345,1
14439,1
1148,1
3010,1
10094,1
12235,1
13584,1
14128,1
7311,1
11598,1
13547,1
973,1
5322,1
12652,1
13101,1
13191,1
14036,1
2920,1
3083,1
3325,1
6970,1
8133,1
10285,1
12536,1
13117,1
13125,1
13290,1
13766,1
13958,1
15152,1
15386,1
4910,1
8318,1
11517,1
14041,1
14151,1
2022,1
6792,1
7032,1
11608,1
13122,1
1582,1
5190,1
6178,1
8655,1
14032,1
14327,1
15305,1
15359,1
1324,1
4323,1
8186,1
9861,1
13098,1
13975,1
13988,1
14422,1
14507,1
128,1
1731,1
4788,1
6273,1
6337,1
8473,1
13965,1
122,1
6467,1
7731,1
9341,1
11584,1
12321,1
15330,1
924,1
1633,1
3390,1
5633,1
13921,1
13983,1
14774,1
861,1
1588,1
4426,1
6744,1
12467,1
12666,1
13034,1
13236,1
13374,1
13575,1
13879,1
13993,1
15013,1
15388,1
4568,1
5102,1
5346,1
6607,1
12556,1
12580,1
14743,1
2638,1
3045,1
5090,1
5388,1
6115,1
6690,1
8619,1
8663,1
8849,1
10344,1
12459,1
13357,1
15333,1
15347,1
8646,1
10885,1
11931,1
14571,1
15190,1
3721,1
5309,1
6917,1
8138,1
10208,1
12765,1
2616,1
3379,1
10342,1
12421,1
13655,1
14308,1
14618,1
14785,1
15365,1
2339,1
5365,1
6692,1
6712,1
11113,1
11616,1
13717,1
14540,1
3073,1
6637,1
7944,1
9001,1
10583,1
13521,1
14676,1
1304,1
4766,1
6384,1
7990,1
8770,1
9323,1
9625,1
12056,1
12167,1
12791,1
13106,1
14065,1
14349,1
3826,1
4515,1
7472,1
8610,1
10131,1
11625,1
15059,1
15304,1
7143,1
11996,1
12768,1
14195,1
14350,1
14470,1
1683,1
6766,1
7994,1
12966,1
13470,1
13858,1
3006,1
5097,1
5255,1
6498,1
6563,1
7289,1
9105,1
9722,1
11785,1
11854,1
12360,1
12529,1
14010,1
14347,1
15355,1
3474,1
6537,1
9164,1
11539,1
12295,1
12306,1
1137,1
6543,1
7500,1
9888,1
11144,1
13067,1
13123,1
13712,1
13779,1
13991,1
6282,1
6714,1
9695,1
10511,1
10915,1
10973,1
11741,1
12114,1
12719,1
13120,1
474,1
8199,1
9312,1
9607,1
10835,1
12106,1
13880,1
14052,1
14150,1
15145,1
15238,1
887,1
4570,1
5158,1
9519,1
13784,1
13794,1
15128,1
15307,1
178,1
11512,1
11828,1
13675,1
13749,1
15200,1
2040,1
3890,1
4831,1
10633,1
11581,1
13180,1
13300,1
13430,1
13634,1
14472,1
8405,1
12155,1
13193,1
13511,1
13961,1
15133,1
15169,1
15367,1
6243,1
12654,1
12762,1
13182,1
13892,1
14475,1
5424,1
6756,1
6775,1
12084,1
12593,1
12974,1
13509,1
5887,1
6992,1
7009,1
8378,1
10907,1
10935,1
13242,1
13412,1
14131,1
94,1
1301,1
4001,1
8147,1
8700,1
10501,1
12904,1
13044,1
13423,1
14006,1
14649,1
8532,1
11004,1
11979,1
13466,1
13786,1
13908,1
14145,1
14522,1
1615,1
8691,1
10851,1
11732,1
11810,1
13447,1
14084,1
1517,1
3324,1
7231,1
10088,1
13721,1
13812,1
13914,1
14579,1
3969,1
5555,1
7309,1
9637,1
11569,1
12024,1
12122,1
12909,1
13955,1
15379,1
4557,1
5189,1
8718,1
8848,1
10875,1
12332,1
12632,1
13216,1
14001,1
15354,1
3350,1
4976,1
7102,1
9175,1
9334,1
12132,1
12591,1
14574,1
15117,1
15175,1
15325,1
840,1
3001,1
3027,1
7161,1
9396,1
10197,1
11446,1
12751,1
13148,1
13355,1
13453,1
13902,1
14482,1
15018,1
4508,1
7272,1
8673,1
9065,1
9335,1
10682,1
10748,1
10769,1
11755,1
13390,1
13772,1
13810,1
13945,1
15302,1
1360,1
4751,1
5176,1
5392,1
6610,1
8360,1
10934,1
11029,1
11792,1
12325,1
12496,1
12767,1
13255,1
13752,1
13789,1
14619,1
15012,1
15314,1
3007,1
7317,1
10996,1
11809,1
12561,1
13179,1
13927,1
7057,1
7214,1
11715,1
12116,1
13199,1
13917,1
14038,1
14800,1
15194,1
15342,1
7156,1
7372,1
11134,1
13177,1
13624,1
15319,1
1192,1
9652,1
11149,1
12419,1
13641,1
14399,1
14535,1
14551,1
2892,1
3327,1
9108,1
10905,1
12688,1
13856,1
9139,1
12199,1
14281,1
14414,1
15329,1
3056,1
12686,1
13136,1
13890,1
14264,1
14385,1
10108,1
10578,1
13461,1
14158,1
14311,1
15106,1
15172,1
1530,1
8647,1
9021,1
10873,1
12172,1
12946,1
12992,1
13282,1
13478,1
13691,1
9839,1
11679,1
13157,1
14326,1
14709,1
15322,1
15,1
3320,1
7275,1
7348,1
13134,1
15338,1
1756,1
3040,1
5210,1
6772,1
8462,1
9371,1
10538,1
8766,1
11358,1
13017,1
13980,1
14359,1
15353,1
15387,1
4520,1
4956,1
8016,1
8495,1
10949,1
12640,1
12766,1
13346,1
14172,1
14624,1
2019,1
5462,1
7270,1
8177,1
9780,1
12348,1
3305,1
6449,1
10142,1
12420,1
13939,1
13996,1
14567,1
15129,1
6647,1
10721,1
13077,1
13175,1
13845,1
15127,1
8344,1
8413,1
8496,1
12090,1
13116,1
15323,1
15368,1
15384,1
15397,1
1334,1
3003,1
4857,1
6311,1
7233,1
10660,1
13454,1
3398,1
10657,1
11490,1
13739,1
14627,1
14764,1
15326,1
2657,1
2735,1
3068,1
8337,1
8408,1
13095,1
13441,1
1736,1
3501,1
6540,1
7145,1
12742,1
12763,1
13145,1
3066,1
3562,1
5257,1
6619,1
13354,1
13907,1
15301,1
7144,1
7260,1
12304,1
13330,1
15125,1
1600,1
4912,1
6505,1
7972,1
13850,1
14255,1
14582,1
14641,1
15197,1
5353,1
7328,1
9697,1
11377,1
13716,1
14295,1
14360,1
14550,1
14672,1
15380,1
2029,1
11223,1
12330,1
12612,1
13155,1
13963,1
14173,1
14331,1
15313,1
15378,1
3374,1
5521,1
5532,1
8428,1
8467,1
10686,1
11096,1
13311,1
13944,1
14753,1
15399,1
880,1
2649,1
2915,1
3499,1
8769,1
12303,1
12776,1
14129,1
15102,1
15371,1
3099,1
5130,1
6499,1
6602,1
9056,1
10917,1
11016,1
11263,1
13186,1
900,1
3304,1
9087,1
11247,1
11825,1
12261,1
12571,1
5386,1
10237,1
12388,1
12534,1
13348,1
13481,1
13635,1
11815,1
12418,1
12620,1
13230,1
13563,1
13928,1
14686,1
15149,1
15184,1
3085,1
4924,1
6621,1
8641,1
9237,1
14406,1
14666,1
114,1
890,1
5131,1
5149,1
5561,1
8616,1
9857,1
13780,1
6280,1
6443,1
7267,1
8069,1
9173,1
9817,1
10946,1
12478,1
13343,1
13922,1
4122,1
8153,1
8432,1
9361,1
10133,1
10381,1
11182,1
13128,1
13931,1
14484,1
987,1
6965,1
9187,1
14392,1
15118,1
922,1
7941,1
9717,1
10510,1
12300,1
13237,1
1614,1
7354,1
7382,1
12627,1
13755,1
14335,1
5165,1
6574,1
6760,1
7251,1
11202,1
13821,1
13987,1
14196,1
14737,1
15005,1
958,1
4437,1
5187,1
13115,1
13976,1
15344,1
1549,1
3389,1
3852,1
3864,1
4943,1
8564,1
8852,1
12449,1
12546,1
12592,1
14722,1
15001,1
15390,1
2399,1
3427,1
5658,1
12550,1
14634,1
87,1
1495,1
6276,1
10560,1
11511,1
12258,1
12270,1
13152,1
13809,1
14394,1
14594,1
14700,1
2873,1
3397,1
5437,1
6257,1
9706,1
10263,1
12011,1
14697,1
3023,1
6592,1
6672,1
7035,1
8134,1
8629,1
9354,1
13599,1
14553,1
15337,1
3038,1
5179,1
8342,1
12577,1
13140,1
13187,1
13704,1
15220,1
166,1
6677,1
8313,1
12728,1
13102,1
14694,1
15309,1
15358,1
6389,1
9320,1
9559,1
11564,1
15107,1
1695,1
9670,1
12637,1
14341,1
15143,1
15362,1
6262,1
6518,1
10957,1
11410,1
12039,1
12278,1
13759,1
13889,1
14362,1
14443,1
14506,1
14613,1
15369,1
1724,1
3417,1
6789,1
6997,1
8080,1
8401,1
8799,1
11091,1
12745,1
13189,1
13546,1
13723,1
13947,1
4062,1
6248,1
6374,1
9778,1
10343,1
10400,1
11904,1
11998,1
12201,1
12779,1
13934,1
14227,1
14464,1
1647,1
10736,1
15141,1
15391,1
3375,1
11013,1
13298,1
3061,1
8431,1
10904,1
13505,1
13885,1
13968,1
15048,1
5473,1
7041,1
8789,1
10980,1
13451,1
15366,1
1704,1
2091,1
7743,1
8062,1
8335,1
8717,1
9606,1
10978,1
11754,1
13169,1
13241,1
13905,1
13925,1
15047,1
6640,1
7211,1
8242,1
9463,1
11762,1
13069,1
13966,1
14259,1
15033,1
2889,1
4138,1
4763,1
6513,1
7963,1
9390,1
9415,1
13969,1
13977,1
3070,1
10675,1
11238,1
13103,1
13427,1
13799,1
13999,1
14050,1
3044,1
5106,1
7409,1
11850,1
11852,1
13797,1
6525,1
8193,1
9736,1
13198,1
13758,1
14304,1
15192,1
25,1
1147,1
6241,1
8750,1
9379,1
10005,1
11861,1
13223,1
13930,1
13979,1
14251,1
14329,1
15331,1
1543,1
2858,1
4926,1
8388,1
8633,1
9122,1
12720,1
13020,1
13600,1
15291,1
15389,1
4216,1
6702,1
12154,1
13337,1
13708,1
3337,1
4055,1
8125,1
9479,1
13149,1
3035,1
8219,1
9024,1
9580,1
12156,1
12394,1
12707,1
12923,1
13588,1
14397,1
14784,1
15032,1
62,1
3091,1
9310,1
10641,1
11620,1
11820,1
13001,1
13338,1
13625,1
14170,1
14489,1
15065,1
15372,1
480,1
2050,1
4067,1
4704,1
8457,1
10159,1
13185,1
13986,1
14371,1
15385,1
3530,1
6549,1
6635,1
7294,1
9045,1
10830,1
13425,1
4913,1
13901,1
14569,1
14798,1
2860,1
6632,1
7419,1
11622,1
12082,1
8436,1
12208,1
1578,1
6483,1
6487,1
10296,1
12101,1
13196,1
13790,1
13918,1
13953,1
14175,1
14366,1
4406,1
6398,1
8748,1
10545,1
10997,1
11770,1
3869,1
5085,1
12327,1
12674,1
12748,1
15320,1
1348,1
1364,1
1604,1
3094,1
6281,1
8139,1
8435,1
9646,1
11015,1
11154,1
9054,1
9464,1
9632,1
11826,1
14017,1
14755,1
15299,1
15352,1
2314,1
3004,1
4385,1
5340,1
5567,1
6601,1
6969,1
11952,1
12734,1
13572,1
13984,1
14029,1
15351,1
15361,1
1150,1
3079,1
3641,1
7478,1
8448,1
11000,1
12510,1
13141,1
13913,1
13926,1
13933,1
14352,1
14740,1
3081,1
6761,1
8341,1
8499,1
9555,1
10699,1
10832,1
11501,1
12753,1
13162,1
13924,1
10284,1
10729,1
10805,1
11890,1
13962,1
15340,1
5184,1
13164,1
13181,1
13437,1
13920,1
14356,1
15278,1
433,1
2061,1
3338,1
13294,1
14312,1
943,1
3494,1
10646,1
11293,1
12455,1
13212,1
2372,1
4963,1
5017,1
8021,1
10126,1
11751,1
13764,1
14309,1
14358,1
14710,1
487,1
4003,1
4527,1
4922,1
13068,1
13143,1
13165,1
13744,1
7071,1
11595,1
12129,1
4954,1
6920,1
7992,1
8472,1
8711,1
12501,1
13209,1
13263,1
13942,1
14313,1
2373,1
3335,1
5135,1
6723,1
10931,1
12254,1
12930,1
13578,1
14745,1
15284,1
2936,1
2990,1
3342,1
4861,1
13176,1
13205,1
14288,1
6439,1
7300,1
9662,1
11556,1
15134,1
2347,1
3362,1
8364,1
13150,1
13278,1
14047,1
15281,1
8187,1
8639,1
11440,1
12484,1
12507,1
12740,1
13912,1
14696,1
15383,1
4479,1
8547,1
9724,1
11503,1
14576,1
3347,1
9422,1
12222,1
12333,1
14285,1
15139,1
2931,1
6674,1
8757,1
11790,1
12145,1
13110,1
13467,1
13837,1
14316,1
14688,1
116,1
7518,1
8052,1
9708,1
9729,1
11786,1
11949,1
12693,1
14621,1
15123,1
15286,1
3460,1
7295,1
10280,1
11451,1
11961,1
13818,1
13985,1
3378,1
5011,1
6492,1
7969,1
9163,1
11526,1
13147,1
13231,1
13254,1
13501,1
13595,1
13981,1
14073,1
15349,1
1629,1
6697,1
9740,1
13127,1
13935,1
14000,1
14320,1
14511,1
4710,1
5205,1
5519,1
9849,1
10672,1
10679,1
10773,1
12788,1
13823,1
15198,1
499,1
4116,1
10649,1
10969,1
13773,1
13990,1
14529,1
1312,1
5168,1
8726,1
10123,1
10337,1
14380,1
15279,1
892,1
3366,1
4960,1
6533,1
9490,1
10919,1
11678,1
14674,1
4065,1
5195,1
5199,1
6450,1
9180,1
12239,1
12924,1
13056,1
13763,1
14729,1
15315,1
15395,1
820,1
3344,1
6404,1
6681,1
6688,1
6952,1
7374,1
7678,1
7782,1
8489,1
10537,1
12183,1
12635,1
12932,1
13158,1
13299,1
13938,1
13964,1
13972,1
15101,1
1390,1
2010,1
4817,1
6645,1
6675,1
9663,1
10821,1
10843,1
12194,1
12735,1
13820,1
14239,1
14393,1
15104,1
6210,1
6715,1
10694,1
11555,1
13949,1
14098,1
4095,1
13144,1
13566,1
13828,1
13998,1
14016,1
14136,1
15324,1
3372,1
4218,1
10305,1
11365,1
12386,1
12798,1
14583,1
2361,1
3033,1
8476,1
12142,1
12312,1
13023,1
13573,1
13936,1
15303,1
15312,1
15360,1
10890,1
12524,1
13909,1
13974,1
13995,1
14466,1
2995,1
4776,1
9609,1
9667,1
10278,1
10628,1
10793,1
10814,1
11052,1
12256,1
13130,1
13269,1
13932,1
9144,1
15119,1
15239,1
7155,1
7297,1
11092,1
12522,1
14381,1
14711,1
410,1
3363,1
8625,1
9133,1
10923,1
12143,1
13684,1
14294,1
14343,1
14361,1
3057,1
10730,1
11486,1
12732,1
13473,1
14723,1
15015,1
15321,1
6649,1
6995,1
11218,1
12656,1
13645,1
13906,1
14188,1
14546,1
6315,1
6615,1
6680,1
10929,1
13183,1
14229,1
14679,1
2301,1
4600,1
5877,1
8900,1
10275,1
10789,1
12698,1
13360,1
14310,1
15187,1
475,1
3394,1
3395,1
4549,1
6247,1
6527,1
7459,1
10192,1
10711,1
10853,1
12399,1
12451,1
14110,1
3583,1
4985,1
8065,1
9884,1
11340,1
12756,1
13126,1
180,1
2979,1
8422,1
8764,1
14190,1
14617,1
15377,1
3088,1
4214,1
9048,1
11230,1
12406,1
12602,1
13161,1
14597,1
15334,1
15346,1
5389,1
7232,1
9372,1
9419,1
9680,1
13292,1
13954,1
14307,1
14592,1
7310,1
7943,1
12213,1
12795,1
13114,1
13706,1
3381,1
11632,1
12682,1
12973,1
13526,1
13841,1
15356,1
3050,1
3376,1
6721,1
12141,1
12444,1
12622,1
12799,0
10882,0
8306,0
6717,0
13589,0
9578,0
13951,0
7037,0
4276,0
6739,0
13507,0
10137,0
5542,0
13083,0
10129,0
13971,0
4525,0
6726,0
5502,0
13197,0
10888,0
13192,0
